label,arm,original_hit_decisions,removed_winner_decisions,affected_pct
cross_0.9995,rit_l10_hg_ir20,25023,0,0.0
cross_0.9995,rit_l10_hg_ir25,24404,0,0.0
cross_0.9995,rit_l10_hg_ir30,25445,0,0.0
cross_0.9995,rit_l10_hg_ir35,25604,0,0.0
cross_0.9995,rit_l10_hg_ir40,25634,0,0.0
cross_0.9995,rit_l10_hg_ir45,25908,0,0.0
cross_0.9995,rit_l10_hg_ir50,26132,0,0.0
cross_0.9995,rit_l10_hg_ir55,26395,0,0.0
cross_0.9995,rit_l10_hg_ir60,26379,0,0.0
cross_0.9995,rit_l10_hg_ir65,26382,0,0.0
cross_0.9995,rit_l10_hg_ir70,27372,0,0.0
cross_0.9995,rit_l10_hg_ir75,25697,0,0.0
cross_0.9995,rit_l10_hg_ir80,22181,0,0.0
cross_0.9995,rit_l10_hg_ir85,18062,0,0.0
cross_0.9995,rit_l10_hg_ir90,13337,0,0.0
cross_0.9995,rit_l10_hg_ir95,6880,0,0.0
cross_0.999,rit_l10_hg_ir20,25023,0,0.0
cross_0.999,rit_l10_hg_ir25,24404,0,0.0
cross_0.999,rit_l10_hg_ir30,25445,0,0.0
cross_0.999,rit_l10_hg_ir35,25604,0,0.0
cross_0.999,rit_l10_hg_ir40,25634,0,0.0
cross_0.999,rit_l10_hg_ir45,25908,0,0.0
cross_0.999,rit_l10_hg_ir50,26132,0,0.0
cross_0.999,rit_l10_hg_ir55,26395,0,0.0
cross_0.999,rit_l10_hg_ir60,26379,0,0.0
cross_0.999,rit_l10_hg_ir65,26382,0,0.0
cross_0.999,rit_l10_hg_ir70,27372,0,0.0
cross_0.999,rit_l10_hg_ir75,25697,0,0.0
cross_0.999,rit_l10_hg_ir80,22181,0,0.0
cross_0.999,rit_l10_hg_ir85,18062,0,0.0
cross_0.999,rit_l10_hg_ir90,13337,0,0.0
cross_0.999,rit_l10_hg_ir95,6880,0,0.0
cross_0.9985,rit_l10_hg_ir20,25023,1410,5.634815969308236
cross_0.9985,rit_l10_hg_ir25,24404,1279,5.240944107523357
cross_0.9985,rit_l10_hg_ir30,25445,1316,5.171939477303989
cross_0.9985,rit_l10_hg_ir35,25604,1407,5.495235119512576
cross_0.9985,rit_l10_hg_ir40,25634,1467,5.722868065850043
cross_0.9985,rit_l10_hg_ir45,25908,1446,5.581287633163502
cross_0.9985,rit_l10_hg_ir50,26132,1304,4.990050512781265
cross_0.9985,rit_l10_hg_ir55,26395,1407,5.330555029361622
cross_0.9985,rit_l10_hg_ir60,26379,1327,5.030516698889268
cross_0.9985,rit_l10_hg_ir65,26382,1339,5.075430217572587
cross_0.9985,rit_l10_hg_ir70,27372,1394,5.092795557504019
cross_0.9985,rit_l10_hg_ir75,25697,1239,4.821574502860256
cross_0.9985,rit_l10_hg_ir80,22181,1180,5.319868355800009
cross_0.9985,rit_l10_hg_ir85,18062,1103,6.106743439264755
cross_0.9985,rit_l10_hg_ir90,13337,1070,8.022793731723777
cross_0.9985,rit_l10_hg_ir95,6880,691,10.043604651162791
cross_0.998,rit_l10_hg_ir20,25023,5679,22.695120489149982
cross_0.998,rit_l10_hg_ir25,24404,5572,22.83232257007048
cross_0.998,rit_l10_hg_ir30,25445,5733,22.53094910591472
cross_0.998,rit_l10_hg_ir35,25604,5694,22.238712701140447
cross_0.998,rit_l10_hg_ir40,25634,5995,23.386908012795505
cross_0.998,rit_l10_hg_ir45,25908,6086,23.490813648293962
cross_0.998,rit_l10_hg_ir50,26132,5939,22.72692484310424
cross_0.998,rit_l10_hg_ir55,26395,6323,23.955294563364273
cross_0.998,rit_l10_hg_ir60,26379,6062,22.980401076613973
cross_0.998,rit_l10_hg_ir65,26382,5895,22.344780532181034
cross_0.998,rit_l10_hg_ir70,27372,6198,22.643577378342833
cross_0.998,rit_l10_hg_ir75,25697,5958,23.185585866054403
cross_0.998,rit_l10_hg_ir80,22181,5544,24.994364546233264
cross_0.998,rit_l10_hg_ir85,18062,4940,27.350238068873878
cross_0.998,rit_l10_hg_ir90,13337,4045,30.329159481142685
cross_0.998,rit_l10_hg_ir95,6880,2396,34.825581395348834
cross_0.9975,rit_l10_hg_ir20,25023,8918,35.639211925028974
cross_0.9975,rit_l10_hg_ir25,24404,8808,36.09244386166202
cross_0.9975,rit_l10_hg_ir30,25445,9231,36.278247199842795
cross_0.9975,rit_l10_hg_ir35,25604,9130,35.658490860803
cross_0.9975,rit_l10_hg_ir40,25634,9364,36.529609112896935
cross_0.9975,rit_l10_hg_ir45,25908,9654,37.2626215840667
cross_0.9975,rit_l10_hg_ir50,26132,9366,35.841114342568495
cross_0.9975,rit_l10_hg_ir55,26395,9704,36.76453873839743
cross_0.9975,rit_l10_hg_ir60,26379,9762,37.006709882861365
cross_0.9975,rit_l10_hg_ir65,26382,9503,36.02077173830642
cross_0.9975,rit_l10_hg_ir70,27372,9877,36.08431974280286
cross_0.9975,rit_l10_hg_ir75,25697,9519,37.0432346188271
cross_0.9975,rit_l10_hg_ir80,22181,8684,39.15062440827735
cross_0.9975,rit_l10_hg_ir85,18062,7525,41.6620529288008
cross_0.9975,rit_l10_hg_ir90,13337,5857,43.91542325860389
cross_0.9975,rit_l10_hg_ir95,6880,3284,47.73255813953488
cross_0.997,rit_l10_hg_ir20,25023,10826,43.26419693881629
cross_0.997,rit_l10_hg_ir25,24404,10665,43.701852155384366
cross_0.997,rit_l10_hg_ir30,25445,11056,43.45057968166634
cross_0.997,rit_l10_hg_ir35,25604,11210,43.782221527886264
cross_0.997,rit_l10_hg_ir40,25634,11330,44.199110556292425
cross_0.997,rit_l10_hg_ir45,25908,11637,44.91662806855025
cross_0.997,rit_l10_hg_ir50,26132,11273,43.13868054492576
cross_0.997,rit_l10_hg_ir55,26395,11706,44.349308581170675
cross_0.997,rit_l10_hg_ir60,26379,11725,44.4482353387164
cross_0.997,rit_l10_hg_ir65,26382,11447,43.38943218861345
cross_0.997,rit_l10_hg_ir70,27372,11944,43.63583223732281
cross_0.997,rit_l10_hg_ir75,25697,11505,44.77176324084523
cross_0.997,rit_l10_hg_ir80,22181,10345,46.63901537351788
cross_0.997,rit_l10_hg_ir85,18062,8864,49.07540693167977
cross_0.997,rit_l10_hg_ir90,13337,6833,51.23341081202669
cross_0.997,rit_l10_hg_ir95,6880,3718,54.0406976744186
cross_0.996,rit_l10_hg_ir20,25023,13436,53.69460096711026
cross_0.996,rit_l10_hg_ir25,24404,13254,54.31076872643829
cross_0.996,rit_l10_hg_ir30,25445,13696,53.82589899783847
cross_0.996,rit_l10_hg_ir35,25604,14049,54.87033276050617
cross_0.996,rit_l10_hg_ir40,25634,13805,53.85425606616213
cross_0.996,rit_l10_hg_ir45,25908,14328,55.303381194997684
cross_0.996,rit_l10_hg_ir50,26132,13991,53.53972141435788
cross_0.996,rit_l10_hg_ir55,26395,14437,54.69596514491381
cross_0.996,rit_l10_hg_ir60,26379,14465,54.835285643883395
cross_0.996,rit_l10_hg_ir65,26382,14181,53.752558562656354
cross_0.996,rit_l10_hg_ir70,27372,14731,53.81776998392518
cross_0.996,rit_l10_hg_ir75,25697,14152,55.07257656535782
cross_0.996,rit_l10_hg_ir80,22181,12371,55.772958838645685
cross_0.996,rit_l10_hg_ir85,18062,10400,57.579448566050274
cross_0.996,rit_l10_hg_ir90,13337,7903,59.25620454375047
cross_0.996,rit_l10_hg_ir95,6880,4187,60.85755813953488
cross_0.995,rit_l10_hg_ir20,25023,14777,59.05367062302682
cross_0.995,rit_l10_hg_ir25,24404,14485,59.35502376659564
cross_0.995,rit_l10_hg_ir30,25445,15014,59.00569856553351
cross_0.995,rit_l10_hg_ir35,25604,15467,60.40852991720044
cross_0.995,rit_l10_hg_ir40,25634,15219,59.37036748068971
cross_0.995,rit_l10_hg_ir45,25908,15569,60.09340744171684
cross_0.995,rit_l10_hg_ir50,26132,15331,58.667534057860095
cross_0.995,rit_l10_hg_ir55,26395,15867,60.11365788975185
cross_0.995,rit_l10_hg_ir60,26379,15763,59.75586640888586
cross_0.995,rit_l10_hg_ir65,26382,15498,58.74459858994769
cross_0.995,rit_l10_hg_ir70,27372,15983,58.391787227824054
cross_0.995,rit_l10_hg_ir75,25697,15559,60.547923882165236
cross_0.995,rit_l10_hg_ir80,22181,13481,60.77724178350841
cross_0.995,rit_l10_hg_ir85,18062,11330,62.72838002436053
cross_0.995,rit_l10_hg_ir90,13337,8537,64.00989727824849
cross_0.995,rit_l10_hg_ir95,6880,4463,64.86918604651163
cross_0.9925,rit_l10_hg_ir20,25023,16927,67.64576589537626
cross_0.9925,rit_l10_hg_ir25,24404,16488,67.56269464022292
cross_0.9925,rit_l10_hg_ir30,25445,17131,67.32560424444881
cross_0.9925,rit_l10_hg_ir35,25604,17477,68.25886580221841
cross_0.9925,rit_l10_hg_ir40,25634,17307,67.51579932901615
cross_0.9925,rit_l10_hg_ir45,25908,17608,67.96356337810715
cross_0.9925,rit_l10_hg_ir50,26132,17436,66.72279197918262
cross_0.9925,rit_l10_hg_ir55,26395,18124,68.6645197954158
cross_0.9925,rit_l10_hg_ir60,26379,17845,67.64850828310398
cross_0.9925,rit_l10_hg_ir65,26382,17784,67.40959745280874
cross_0.9925,rit_l10_hg_ir70,27372,18350,67.03931024404501
cross_0.9925,rit_l10_hg_ir75,25697,17690,68.84072070669728
cross_0.9925,rit_l10_hg_ir80,22181,15288,68.92385374870385
cross_0.9925,rit_l10_hg_ir85,18062,12688,70.24692725058134
cross_0.9925,rit_l10_hg_ir90,13337,9471,71.01297143285596
cross_0.9925,rit_l10_hg_ir95,6880,4880,70.93023255813954
cross_0.99,rit_l10_hg_ir20,25023,18123,72.42536866083204
cross_0.99,rit_l10_hg_ir25,24404,17609,72.15620390099984
cross_0.99,rit_l10_hg_ir30,25445,18258,71.75476517979956
cross_0.99,rit_l10_hg_ir35,25604,18706,73.05889704733636
cross_0.99,rit_l10_hg_ir40,25634,18505,72.18927986268237
cross_0.99,rit_l10_hg_ir45,25908,18798,72.55673923112552
cross_0.99,rit_l10_hg_ir50,26132,18696,71.54446655441605
cross_0.99,rit_l10_hg_ir55,26395,19229,72.85091873460883
cross_0.99,rit_l10_hg_ir60,26379,19086,72.3530080746048
cross_0.99,rit_l10_hg_ir65,26382,18906,71.6624971571526
cross_0.99,rit_l10_hg_ir70,27372,19517,71.30279117346193
cross_0.99,rit_l10_hg_ir75,25697,18902,73.5572245787446
cross_0.99,rit_l10_hg_ir80,22181,16445,74.14002975519588
cross_0.99,rit_l10_hg_ir85,18062,13525,74.88096556306057
cross_0.99,rit_l10_hg_ir90,13337,10172,76.26902601784509
cross_0.99,rit_l10_hg_ir95,6880,5246,76.25
cross_0.985,rit_l10_hg_ir20,25023,18925,75.6304200135875
cross_0.985,rit_l10_hg_ir25,24404,18397,75.38518275692509
cross_0.985,rit_l10_hg_ir30,25445,19058,74.89880133621537
cross_0.985,rit_l10_hg_ir35,25604,19397,75.75769411029526
cross_0.985,rit_l10_hg_ir40,25634,19502,76.07864554888039
cross_0.985,rit_l10_hg_ir45,25908,19582,75.58283155781997
cross_0.985,rit_l10_hg_ir50,26132,19715,75.44390019898974
cross_0.985,rit_l10_hg_ir55,26395,20153,76.35158173896572
cross_0.985,rit_l10_hg_ir60,26379,20079,76.11736608665984
cross_0.985,rit_l10_hg_ir65,26382,19766,74.92229550451066
cross_0.985,rit_l10_hg_ir70,27372,20414,74.57986263334794
cross_0.985,rit_l10_hg_ir75,25697,19676,76.56924932871542
cross_0.985,rit_l10_hg_ir80,22181,17061,76.91718137144403
cross_0.985,rit_l10_hg_ir85,18062,14073,77.9149595836563
cross_0.985,rit_l10_hg_ir90,13337,10452,78.36844867661394
cross_0.985,rit_l10_hg_ir95,6880,5360,77.90697674418605
cross_0.98,rit_l10_hg_ir20,25023,18769,75.00699356591936
cross_0.98,rit_l10_hg_ir25,24404,18214,74.6353056875922
cross_0.98,rit_l10_hg_ir30,25445,18823,73.97524071526823
cross_0.98,rit_l10_hg_ir35,25604,19287,75.32807373847837
cross_0.98,rit_l10_hg_ir40,25634,19344,75.46227666380588
cross_0.98,rit_l10_hg_ir45,25908,19551,75.46317739694302
cross_0.98,rit_l10_hg_ir50,26132,19666,75.25639063217511
cross_0.98,rit_l10_hg_ir55,26395,20073,76.04849403296079
cross_0.98,rit_l10_hg_ir60,26379,20028,75.92403047878994
cross_0.98,rit_l10_hg_ir65,26382,19655,74.50155408990979
cross_0.98,rit_l10_hg_ir70,27372,20335,74.29124652930001
cross_0.98,rit_l10_hg_ir75,25697,19531,76.0049811262015
cross_0.98,rit_l10_hg_ir80,22181,16919,76.27699382354267
cross_0.98,rit_l10_hg_ir85,18062,13919,77.06234082604362
cross_0.98,rit_l10_hg_ir90,13337,10267,76.9813301342131
cross_0.98,rit_l10_hg_ir95,6880,5254,76.36627906976744
cross_0.975,rit_l10_hg_ir20,25023,19055,76.14994205331095
cross_0.975,rit_l10_hg_ir25,24404,18456,75.62694640222914
cross_0.975,rit_l10_hg_ir30,25445,19117,75.13067400275104
cross_0.975,rit_l10_hg_ir35,25604,19565,76.413841587252
cross_0.975,rit_l10_hg_ir40,25634,19631,76.58188343606147
cross_0.975,rit_l10_hg_ir45,25908,19807,76.45128917708816
cross_0.975,rit_l10_hg_ir50,26132,19957,76.36996785550284
cross_0.975,rit_l10_hg_ir55,26395,20343,77.07141504072742
cross_0.975,rit_l10_hg_ir60,26379,20316,77.01580802911407
cross_0.975,rit_l10_hg_ir65,26382,19989,75.76756879690699
cross_0.975,rit_l10_hg_ir70,27372,20660,75.47859126114277
cross_0.975,rit_l10_hg_ir75,25697,19834,77.18410709421333
cross_0.975,rit_l10_hg_ir80,22181,17188,77.48974347414453
cross_0.975,rit_l10_hg_ir85,18062,14104,78.08659063226663
cross_0.975,rit_l10_hg_ir90,13337,10394,77.9335682687261
cross_0.975,rit_l10_hg_ir95,6880,5304,77.09302325581395
cross_0.97,rit_l10_hg_ir20,25023,19210,76.76937217759661
cross_0.97,rit_l10_hg_ir25,24404,18514,75.86461235862973
cross_0.97,rit_l10_hg_ir30,25445,19216,75.51974847710748
cross_0.97,rit_l10_hg_ir35,25604,19707,76.96844243087018
cross_0.97,rit_l10_hg_ir40,25634,19728,76.96028711867052
cross_0.97,rit_l10_hg_ir45,25908,19897,76.79867222479542
cross_0.97,rit_l10_hg_ir50,26132,20016,76.59574468085107
cross_0.97,rit_l10_hg_ir55,26395,20429,77.3972343246827
cross_0.97,rit_l10_hg_ir60,26379,20416,77.39489745630995
cross_0.97,rit_l10_hg_ir65,26382,20073,76.08596770525358
cross_0.97,rit_l10_hg_ir70,27372,20750,75.80739441765307
cross_0.97,rit_l10_hg_ir75,25697,19881,77.36700782192474
cross_0.97,rit_l10_hg_ir80,22181,17215,77.61146927550607
cross_0.97,rit_l10_hg_ir85,18062,14140,78.2859041080722
cross_0.97,rit_l10_hg_ir90,13337,10415,78.09102496813377
cross_0.97,rit_l10_hg_ir95,6880,5330,77.47093023255815
cross_0.95,rit_l10_hg_ir20,25023,19889,79.48287575430604
cross_0.95,rit_l10_hg_ir25,24404,19288,79.03622356990657
cross_0.95,rit_l10_hg_ir30,25445,20047,78.7856160345844
cross_0.95,rit_l10_hg_ir35,25604,20473,79.96016247461334
cross_0.95,rit_l10_hg_ir40,25634,20515,80.03042833736444
cross_0.95,rit_l10_hg_ir45,25908,20693,79.8710822911842
cross_0.95,rit_l10_hg_ir50,26132,20796,79.58059084647176
cross_0.95,rit_l10_hg_ir55,26395,21277,80.60996400833491
cross_0.95,rit_l10_hg_ir60,26379,21112,80.03335986959324
cross_0.95,rit_l10_hg_ir65,26382,20788,78.79614888939429
cross_0.95,rit_l10_hg_ir70,27372,21380,78.1090165132252
cross_0.95,rit_l10_hg_ir75,25697,20484,79.71358524341363
cross_0.95,rit_l10_hg_ir80,22181,17816,80.32099544655335
cross_0.95,rit_l10_hg_ir85,18062,14553,80.57247259439707
cross_0.95,rit_l10_hg_ir90,13337,10774,80.78278473419809
cross_0.95,rit_l10_hg_ir95,6880,5457,79.31686046511628
cross_0.9,rit_l10_hg_ir20,25023,20660,82.56404108220437
cross_0.9,rit_l10_hg_ir25,24404,20084,82.2979839370595
cross_0.9,rit_l10_hg_ir30,25445,20818,81.81568088033012
cross_0.9,rit_l10_hg_ir35,25604,21048,82.20590532729261
cross_0.9,rit_l10_hg_ir40,25634,21115,82.37106967309043
cross_0.9,rit_l10_hg_ir45,25908,21420,82.67716535433071
cross_0.9,rit_l10_hg_ir50,26132,21490,82.2363385887035
cross_0.9,rit_l10_hg_ir55,26395,22030,83.46277704110626
cross_0.9,rit_l10_hg_ir60,26379,22085,83.7218999962091
cross_0.9,rit_l10_hg_ir65,26382,21730,82.36676521870973
cross_0.9,rit_l10_hg_ir70,27372,22661,82.7889814408885
cross_0.9,rit_l10_hg_ir75,25697,21144,82.28197844106316
cross_0.9,rit_l10_hg_ir80,22181,18433,83.10265542581489
cross_0.9,rit_l10_hg_ir85,18062,15005,83.07496401284465
cross_0.9,rit_l10_hg_ir90,13337,10971,82.25987853340331
cross_0.9,rit_l10_hg_ir95,6880,5596,81.33720930232558
