run,arm,n,complete,purged_records,purged_pairs,rerun_success,sr_before,sr_after,delta_pp,summary_success_matches,purged_all_failed,purged_all_match_exception_rows
r06_abl,r6p2_direct_g_l10_50,500,True,4,4,3,0.604,0.61,0.6000000000000005,True,True,True
r06_abl,r6p2_direct_g_l10_500,500,True,4,4,3,0.816,0.822,0.6000000000000005,True,True,True
r06_abl,r6p2_direct_g_sp_500,500,True,14,14,13,0.928,0.954,2.599999999999991,True,True,True
r06_abl,r6p2_direct_p_l10_500,500,True,4,4,4,0.838,0.846,0.8000000000000007,True,True,True
r06_abl,r6p2_direct_p_sp_50,500,True,1,1,1,0.826,0.828,0.20000000000000018,True,True,True
r06_abl,r6p2_direct_p_sp_500,500,True,11,11,11,0.946,0.968,2.200000000000002,True,True,True
r06_abl,r6p2_identity_g_l10_500,500,True,33,33,17,0.718,0.752,3.400000000000003,True,True,True
r06_abl,r6p2_identity_g_sp_50,500,True,4,4,4,0.858,0.866,0.8000000000000007,True,True,True
r06_abl,r6p2_no_progress_p_l10_50,500,True,8,8,4,0.704,0.712,0.8000000000000007,True,True,True
r06_abl,r6p2_overtime_p_l10_50,500,True,2,2,2,0.802,0.806,0.40000000000000036,True,True,True
r06_abl,r6p2_terminal_p_l10_50,500,True,2,2,1,0.826,0.828,0.20000000000000018,True,True,True
r06_frontier,r6q2_groot_l10_500_A_dose0p125,500,True,18,18,17,0.808,0.842,3.399999999999992,True,True,True
r06_frontier,r6q2_groot_l10_50_B_dose0p5,500,True,6,6,5,0.808,0.818,0.9999999999999898,True,True,True
r06_frontier,r6q2_groot_l10_50_B_dose0p75,500,True,1,1,1,0.85,0.852,0.20000000000000018,True,True,True
r06_frontier,r6q2_groot_l10_50_risk_rho0p35,500,True,7,7,4,0.832,0.84,0.8000000000000007,True,True,True
r06_frontier,r6q2_groot_l10_50_risk_rho0p45,500,True,21,21,15,0.838,0.868,3.0000000000000027,True,True,True
r06_frontier,r6q2_groot_spatial_50_risk_rho0p12,500,True,12,12,11,0.854,0.876,2.200000000000002,True,True,True
r06_frontier,r6q2_pi05_l10_500_B_dose0p125,500,True,26,26,25,0.842,0.892,5.000000000000004,True,True,True
r06_frontier,r6q2_pi05_l10_500_B_dose0p25,500,True,17,17,17,0.882,0.916,3.400000000000003,True,True,True
r06_frontier,r6q2_pi05_l10_500_risk_rho0p18,500,True,6,6,6,0.856,0.868,1.200000000000001,True,True,True
r06_frontier,r6q2_pi05_l10_500_risk_rho0p24,500,True,17,17,13,0.884,0.91,2.6000000000000023,True,True,True
r06_frontier,r6q2_pi05_l10_50_B_dose0p75,500,True,6,6,6,0.874,0.886,1.200000000000001,True,True,True
r06_frontier,r6q2_pi05_l10_50_risk_rho0p35,500,True,7,7,4,0.862,0.87,0.8000000000000007,True,True,True
r06_frontier,r6q2_pi05_spatial_500_A_dose0p03125,500,True,16,16,15,0.946,0.976,3.0000000000000027,True,True,True
r06_frontier,r6q2_pi05_spatial_50_B_dose0p25,500,True,6,6,6,0.922,0.934,1.200000000000001,True,True,True
r06_frontier,r6q2_pi05_spatial_50_risk_rho0p35,500,True,9,9,9,0.934,0.952,1.7999999999999905,True,True,True
r06_paper,r5q1_c10_p_l10_500_rep2,500,True,9,9,8,0.864,0.88,1.6000000000000014,True,True,True
r06_paper,r5q1_c10_p_l10_50_rep2,500,True,13,13,12,0.794,0.818,2.399999999999991,True,True,True
r06_paper,r5q1_c10_p_l10_50_rep3,500,True,5,5,4,0.826,0.834,0.8000000000000007,True,True,True
r06_paper,r5x_g_l10_50_tail1u_rep3,500,True,4,4,2,0.602,0.606,0.40000000000000036,True,True,True
r06_paper,r6p1_c10_g_l10_500_rep2,500,True,10,10,8,0.868,0.884,1.6000000000000014,True,True,True
r06_paper,r6p1_c10_g_l10_50_rep2,500,True,12,12,9,0.702,0.72,1.8000000000000016,True,True,True
r06_paper,r6p1_c10_g_sp_50_rep3,500,True,1,1,1,0.878,0.88,0.20000000000000018,True,True,True
