suite,task_id,trajectory_id,length,outcome
libero_spatial,0,task_0/episode_0,16,success
libero_spatial,0,task_0/episode_1,17,success
libero_spatial,0,task_0/episode_10,44,failure
libero_spatial,0,task_0/episode_11,17,success
libero_spatial,0,task_0/episode_12,18,success
libero_spatial,0,task_0/episode_13,16,success
libero_spatial,0,task_0/episode_14,15,success
libero_spatial,0,task_0/episode_15,14,success
libero_spatial,0,task_0/episode_16,14,success
libero_spatial,0,task_0/episode_18,14,success
libero_spatial,0,task_0/episode_19,18,success
libero_spatial,0,task_0/episode_2,18,success
libero_spatial,0,task_0/episode_20,30,success
libero_spatial,0,task_0/episode_21,16,success
libero_spatial,0,task_0/episode_22,15,success
libero_spatial,0,task_0/episode_23,16,success
libero_spatial,0,task_0/episode_24,15,success
libero_spatial,0,task_0/episode_25,16,success
libero_spatial,0,task_0/episode_26,14,success
libero_spatial,0,task_0/episode_27,16,success
libero_spatial,0,task_0/episode_28,21,success
libero_spatial,0,task_0/episode_29,16,success
libero_spatial,0,task_0/episode_3,19,success
libero_spatial,0,task_0/episode_30,15,success
libero_spatial,0,task_0/episode_31,15,success
libero_spatial,0,task_0/episode_33,16,success
libero_spatial,0,task_0/episode_35,16,success
libero_spatial,0,task_0/episode_36,15,success
libero_spatial,0,task_0/episode_38,44,failure
libero_spatial,0,task_0/episode_39,16,success
libero_spatial,0,task_0/episode_4,17,success
libero_spatial,0,task_0/episode_40,14,success
libero_spatial,0,task_0/episode_41,15,success
libero_spatial,0,task_0/episode_42,16,success
libero_spatial,0,task_0/episode_43,14,success
libero_spatial,0,task_0/episode_44,18,success
libero_spatial,0,task_0/episode_45,14,success
libero_spatial,0,task_0/episode_46,15,success
libero_spatial,0,task_0/episode_47,16,success
libero_spatial,0,task_0/episode_48,16,success
libero_spatial,0,task_0/episode_49,16,success
libero_spatial,0,task_0/episode_5,44,failure
libero_spatial,0,task_0/episode_6,13,success
libero_spatial,0,task_0/episode_7,44,failure
libero_spatial,0,task_0/episode_8,17,success
libero_spatial,1,task_1/episode_0,22,success
libero_spatial,1,task_1/episode_1,23,success
libero_spatial,1,task_1/episode_10,21,success
libero_spatial,1,task_1/episode_11,23,success
libero_spatial,1,task_1/episode_12,21,success
libero_spatial,1,task_1/episode_13,23,success
libero_spatial,1,task_1/episode_14,23,success
libero_spatial,1,task_1/episode_15,22,success
libero_spatial,1,task_1/episode_16,21,success
libero_spatial,1,task_1/episode_17,22,success
libero_spatial,1,task_1/episode_18,22,success
libero_spatial,1,task_1/episode_19,21,success
libero_spatial,1,task_1/episode_2,21,success
libero_spatial,1,task_1/episode_20,31,success
libero_spatial,1,task_1/episode_21,23,success
libero_spatial,1,task_1/episode_22,22,success
libero_spatial,1,task_1/episode_23,23,success
libero_spatial,1,task_1/episode_25,22,success
libero_spatial,1,task_1/episode_27,23,success
libero_spatial,1,task_1/episode_28,22,success
libero_spatial,1,task_1/episode_29,22,success
libero_spatial,1,task_1/episode_3,24,success
libero_spatial,1,task_1/episode_30,23,success
libero_spatial,1,task_1/episode_31,21,success
libero_spatial,1,task_1/episode_32,24,success
libero_spatial,1,task_1/episode_33,22,success
libero_spatial,1,task_1/episode_34,23,success
libero_spatial,1,task_1/episode_35,22,success
libero_spatial,1,task_1/episode_36,23,success
libero_spatial,1,task_1/episode_37,21,success
libero_spatial,1,task_1/episode_38,21,success
libero_spatial,1,task_1/episode_39,23,success
libero_spatial,1,task_1/episode_4,23,success
libero_spatial,1,task_1/episode_40,21,success
libero_spatial,1,task_1/episode_41,21,success
libero_spatial,1,task_1/episode_42,21,success
libero_spatial,1,task_1/episode_43,21,success
libero_spatial,1,task_1/episode_44,22,success
libero_spatial,1,task_1/episode_46,22,success
libero_spatial,1,task_1/episode_47,22,success
libero_spatial,1,task_1/episode_48,21,success
libero_spatial,1,task_1/episode_49,20,success
libero_spatial,1,task_1/episode_5,23,success
libero_spatial,1,task_1/episode_8,21,success
libero_spatial,1,task_1/episode_9,21,success
libero_spatial,2,task_2/episode_0,20,success
libero_spatial,2,task_2/episode_1,20,success
libero_spatial,2,task_2/episode_11,19,success
libero_spatial,2,task_2/episode_12,19,success
libero_spatial,2,task_2/episode_14,22,success
libero_spatial,2,task_2/episode_15,19,success
libero_spatial,2,task_2/episode_16,20,success
libero_spatial,2,task_2/episode_17,23,success
libero_spatial,2,task_2/episode_18,22,success
libero_spatial,2,task_2/episode_19,19,success
libero_spatial,2,task_2/episode_2,20,success
libero_spatial,2,task_2/episode_20,19,success
libero_spatial,2,task_2/episode_22,18,success
libero_spatial,2,task_2/episode_23,19,success
libero_spatial,2,task_2/episode_24,17,success
libero_spatial,2,task_2/episode_25,18,success
libero_spatial,2,task_2/episode_26,17,success
libero_spatial,2,task_2/episode_27,19,success
libero_spatial,2,task_2/episode_28,19,success
libero_spatial,2,task_2/episode_29,27,success
libero_spatial,2,task_2/episode_3,20,success
libero_spatial,2,task_2/episode_30,23,success
libero_spatial,2,task_2/episode_31,19,success
libero_spatial,2,task_2/episode_32,19,success
libero_spatial,2,task_2/episode_33,21,success
libero_spatial,2,task_2/episode_34,19,success
libero_spatial,2,task_2/episode_35,21,success
libero_spatial,2,task_2/episode_36,19,success
libero_spatial,2,task_2/episode_37,18,success
libero_spatial,2,task_2/episode_38,20,success
libero_spatial,2,task_2/episode_39,21,success
libero_spatial,2,task_2/episode_4,19,success
libero_spatial,2,task_2/episode_40,21,success
libero_spatial,2,task_2/episode_41,20,success
libero_spatial,2,task_2/episode_42,21,success
libero_spatial,2,task_2/episode_43,21,success
libero_spatial,2,task_2/episode_44,19,success
libero_spatial,2,task_2/episode_45,18,success
libero_spatial,2,task_2/episode_46,20,success
libero_spatial,2,task_2/episode_47,21,success
libero_spatial,2,task_2/episode_48,19,success
libero_spatial,2,task_2/episode_49,20,success
libero_spatial,2,task_2/episode_6,20,success
libero_spatial,2,task_2/episode_8,21,success
libero_spatial,2,task_2/episode_9,21,success
libero_spatial,3,task_3/episode_1,18,success
libero_spatial,3,task_3/episode_10,16,success
libero_spatial,3,task_3/episode_11,18,success
libero_spatial,3,task_3/episode_12,17,success
libero_spatial,3,task_3/episode_13,16,success
libero_spatial,3,task_3/episode_14,16,success
libero_spatial,3,task_3/episode_15,18,success
libero_spatial,3,task_3/episode_17,17,success
libero_spatial,3,task_3/episode_18,19,success
libero_spatial,3,task_3/episode_19,16,success
libero_spatial,3,task_3/episode_2,17,success
libero_spatial,3,task_3/episode_20,16,success
libero_spatial,3,task_3/episode_21,17,success
libero_spatial,3,task_3/episode_22,18,success
libero_spatial,3,task_3/episode_23,17,success
libero_spatial,3,task_3/episode_24,16,success
libero_spatial,3,task_3/episode_25,16,success
libero_spatial,3,task_3/episode_26,17,success
libero_spatial,3,task_3/episode_28,16,success
libero_spatial,3,task_3/episode_29,17,success
libero_spatial,3,task_3/episode_3,17,success
libero_spatial,3,task_3/episode_30,16,success
libero_spatial,3,task_3/episode_31,16,success
libero_spatial,3,task_3/episode_33,17,success
libero_spatial,3,task_3/episode_34,17,success
libero_spatial,3,task_3/episode_35,17,success
libero_spatial,3,task_3/episode_36,16,success
libero_spatial,3,task_3/episode_37,17,success
libero_spatial,3,task_3/episode_38,17,success
libero_spatial,3,task_3/episode_39,18,success
libero_spatial,3,task_3/episode_4,16,success
libero_spatial,3,task_3/episode_40,16,success
libero_spatial,3,task_3/episode_41,17,success
libero_spatial,3,task_3/episode_42,17,success
libero_spatial,3,task_3/episode_43,17,success
libero_spatial,3,task_3/episode_44,17,success
libero_spatial,3,task_3/episode_45,16,success
libero_spatial,3,task_3/episode_47,16,success
libero_spatial,3,task_3/episode_48,17,success
libero_spatial,3,task_3/episode_49,16,success
libero_spatial,3,task_3/episode_5,17,success
libero_spatial,3,task_3/episode_6,16,success
libero_spatial,3,task_3/episode_7,17,success
libero_spatial,3,task_3/episode_8,17,success
libero_spatial,3,task_3/episode_9,17,success
libero_spatial,4,task_4/episode_0,26,success
libero_spatial,4,task_4/episode_1,25,success
libero_spatial,4,task_4/episode_10,28,success
libero_spatial,4,task_4/episode_12,25,success
libero_spatial,4,task_4/episode_13,25,success
libero_spatial,4,task_4/episode_14,28,success
libero_spatial,4,task_4/episode_15,23,success
libero_spatial,4,task_4/episode_17,27,success
libero_spatial,4,task_4/episode_18,26,success
libero_spatial,4,task_4/episode_19,27,success
libero_spatial,4,task_4/episode_2,25,success
libero_spatial,4,task_4/episode_22,25,success
libero_spatial,4,task_4/episode_23,26,success
libero_spatial,4,task_4/episode_24,26,success
libero_spatial,4,task_4/episode_25,26,success
libero_spatial,4,task_4/episode_26,24,success
libero_spatial,4,task_4/episode_27,26,success
libero_spatial,4,task_4/episode_28,26,success
libero_spatial,4,task_4/episode_29,22,success
libero_spatial,4,task_4/episode_3,28,success
libero_spatial,4,task_4/episode_31,25,success
libero_spatial,4,task_4/episode_32,26,success
libero_spatial,4,task_4/episode_33,26,success
libero_spatial,4,task_4/episode_34,25,success
libero_spatial,4,task_4/episode_35,26,success
libero_spatial,4,task_4/episode_36,23,success
libero_spatial,4,task_4/episode_37,25,success
libero_spatial,4,task_4/episode_38,24,success
libero_spatial,4,task_4/episode_39,29,success
libero_spatial,4,task_4/episode_4,24,success
libero_spatial,4,task_4/episode_40,24,success
libero_spatial,4,task_4/episode_41,26,success
libero_spatial,4,task_4/episode_42,24,success
libero_spatial,4,task_4/episode_43,27,success
libero_spatial,4,task_4/episode_44,27,success
libero_spatial,4,task_4/episode_45,24,success
libero_spatial,4,task_4/episode_46,25,success
libero_spatial,4,task_4/episode_47,44,failure
libero_spatial,4,task_4/episode_48,25,success
libero_spatial,4,task_4/episode_49,27,success
libero_spatial,4,task_4/episode_5,26,success
libero_spatial,4,task_4/episode_6,26,success
libero_spatial,4,task_4/episode_7,24,success
libero_spatial,4,task_4/episode_8,34,success
libero_spatial,4,task_4/episode_9,24,success
libero_spatial,5,task_5/episode_0,19,success
libero_spatial,5,task_5/episode_1,24,success
libero_spatial,5,task_5/episode_11,29,success
libero_spatial,5,task_5/episode_12,18,success
libero_spatial,5,task_5/episode_13,20,success
libero_spatial,5,task_5/episode_14,17,success
libero_spatial,5,task_5/episode_15,17,success
libero_spatial,5,task_5/episode_16,18,success
libero_spatial,5,task_5/episode_17,19,success
libero_spatial,5,task_5/episode_18,28,success
libero_spatial,5,task_5/episode_19,18,success
libero_spatial,5,task_5/episode_2,28,success
libero_spatial,5,task_5/episode_20,19,success
libero_spatial,5,task_5/episode_21,21,success
libero_spatial,5,task_5/episode_22,16,success
libero_spatial,5,task_5/episode_23,26,success
libero_spatial,5,task_5/episode_24,25,success
libero_spatial,5,task_5/episode_25,19,success
libero_spatial,5,task_5/episode_26,31,success
libero_spatial,5,task_5/episode_27,20,success
libero_spatial,5,task_5/episode_28,18,success
libero_spatial,5,task_5/episode_29,20,success
libero_spatial,5,task_5/episode_3,18,success
libero_spatial,5,task_5/episode_30,19,success
libero_spatial,5,task_5/episode_31,18,success
libero_spatial,5,task_5/episode_33,26,success
libero_spatial,5,task_5/episode_34,21,success
libero_spatial,5,task_5/episode_35,17,success
libero_spatial,5,task_5/episode_36,18,success
libero_spatial,5,task_5/episode_37,24,success
libero_spatial,5,task_5/episode_38,19,success
libero_spatial,5,task_5/episode_39,19,success
libero_spatial,5,task_5/episode_4,21,success
libero_spatial,5,task_5/episode_40,17,success
libero_spatial,5,task_5/episode_41,17,success
libero_spatial,5,task_5/episode_43,17,success
libero_spatial,5,task_5/episode_44,18,success
libero_spatial,5,task_5/episode_45,17,success
libero_spatial,5,task_5/episode_46,17,success
libero_spatial,5,task_5/episode_47,18,success
libero_spatial,5,task_5/episode_48,44,failure
libero_spatial,5,task_5/episode_5,18,success
libero_spatial,5,task_5/episode_6,20,success
libero_spatial,5,task_5/episode_7,18,success
libero_spatial,5,task_5/episode_8,19,success
libero_spatial,6,task_6/episode_0,23,success
libero_spatial,6,task_6/episode_1,21,success
libero_spatial,6,task_6/episode_10,20,success
libero_spatial,6,task_6/episode_11,21,success
libero_spatial,6,task_6/episode_12,19,success
libero_spatial,6,task_6/episode_13,21,success
libero_spatial,6,task_6/episode_16,21,success
libero_spatial,6,task_6/episode_17,20,success
libero_spatial,6,task_6/episode_18,22,success
libero_spatial,6,task_6/episode_19,21,success
libero_spatial,6,task_6/episode_2,22,success
libero_spatial,6,task_6/episode_20,25,success
libero_spatial,6,task_6/episode_21,21,success
libero_spatial,6,task_6/episode_22,22,success
libero_spatial,6,task_6/episode_23,22,success
libero_spatial,6,task_6/episode_24,21,success
libero_spatial,6,task_6/episode_25,20,success
libero_spatial,6,task_6/episode_27,22,success
libero_spatial,6,task_6/episode_28,21,success
libero_spatial,6,task_6/episode_29,19,success
libero_spatial,6,task_6/episode_3,21,success
libero_spatial,6,task_6/episode_30,20,success
libero_spatial,6,task_6/episode_31,20,success
libero_spatial,6,task_6/episode_32,22,success
libero_spatial,6,task_6/episode_33,19,success
libero_spatial,6,task_6/episode_34,21,success
libero_spatial,6,task_6/episode_35,21,success
libero_spatial,6,task_6/episode_36,21,success
libero_spatial,6,task_6/episode_37,21,success
libero_spatial,6,task_6/episode_38,23,success
libero_spatial,6,task_6/episode_39,21,success
libero_spatial,6,task_6/episode_4,21,success
libero_spatial,6,task_6/episode_40,23,success
libero_spatial,6,task_6/episode_41,23,success
libero_spatial,6,task_6/episode_42,20,success
libero_spatial,6,task_6/episode_43,19,success
libero_spatial,6,task_6/episode_44,20,success
libero_spatial,6,task_6/episode_46,23,success
libero_spatial,6,task_6/episode_47,20,success
libero_spatial,6,task_6/episode_48,21,success
libero_spatial,6,task_6/episode_49,18,success
libero_spatial,6,task_6/episode_5,22,success
libero_spatial,6,task_6/episode_6,20,success
libero_spatial,6,task_6/episode_7,21,success
libero_spatial,6,task_6/episode_8,21,success
libero_spatial,7,task_7/episode_1,23,success
libero_spatial,7,task_7/episode_10,24,success
libero_spatial,7,task_7/episode_12,24,success
libero_spatial,7,task_7/episode_13,22,success
libero_spatial,7,task_7/episode_14,33,success
libero_spatial,7,task_7/episode_16,21,success
libero_spatial,7,task_7/episode_17,23,success
libero_spatial,7,task_7/episode_18,24,success
libero_spatial,7,task_7/episode_19,30,success
libero_spatial,7,task_7/episode_2,22,success
libero_spatial,7,task_7/episode_20,25,success
libero_spatial,7,task_7/episode_21,24,success
libero_spatial,7,task_7/episode_22,23,success
libero_spatial,7,task_7/episode_23,27,success
libero_spatial,7,task_7/episode_24,22,success
libero_spatial,7,task_7/episode_25,23,success
libero_spatial,7,task_7/episode_26,23,success
libero_spatial,7,task_7/episode_27,24,success
libero_spatial,7,task_7/episode_28,24,success
libero_spatial,7,task_7/episode_29,24,success
libero_spatial,7,task_7/episode_3,24,success
libero_spatial,7,task_7/episode_30,24,success
libero_spatial,7,task_7/episode_32,23,success
libero_spatial,7,task_7/episode_33,26,success
libero_spatial,7,task_7/episode_34,23,success
libero_spatial,7,task_7/episode_35,27,success
libero_spatial,7,task_7/episode_36,32,success
libero_spatial,7,task_7/episode_37,25,success
libero_spatial,7,task_7/episode_39,26,success
libero_spatial,7,task_7/episode_4,23,success
libero_spatial,7,task_7/episode_40,32,success
libero_spatial,7,task_7/episode_41,25,success
libero_spatial,7,task_7/episode_42,23,success
libero_spatial,7,task_7/episode_43,26,success
libero_spatial,7,task_7/episode_44,25,success
libero_spatial,7,task_7/episode_45,23,success
libero_spatial,7,task_7/episode_46,24,success
libero_spatial,7,task_7/episode_47,23,success
libero_spatial,7,task_7/episode_48,23,success
libero_spatial,7,task_7/episode_49,24,success
libero_spatial,7,task_7/episode_5,23,success
libero_spatial,7,task_7/episode_6,24,success
libero_spatial,7,task_7/episode_7,24,success
libero_spatial,7,task_7/episode_8,23,success
libero_spatial,7,task_7/episode_9,25,success
libero_spatial,8,task_8/episode_0,44,failure
libero_spatial,8,task_8/episode_1,39,success
libero_spatial,8,task_8/episode_11,19,success
libero_spatial,8,task_8/episode_12,19,success
libero_spatial,8,task_8/episode_13,20,success
libero_spatial,8,task_8/episode_14,17,success
libero_spatial,8,task_8/episode_16,20,success
libero_spatial,8,task_8/episode_17,18,success
libero_spatial,8,task_8/episode_18,20,success
libero_spatial,8,task_8/episode_19,24,success
libero_spatial,8,task_8/episode_2,44,failure
libero_spatial,8,task_8/episode_20,20,success
libero_spatial,8,task_8/episode_21,21,success
libero_spatial,8,task_8/episode_23,18,success
libero_spatial,8,task_8/episode_25,19,success
libero_spatial,8,task_8/episode_26,30,success
libero_spatial,8,task_8/episode_27,29,success
libero_spatial,8,task_8/episode_28,18,success
libero_spatial,8,task_8/episode_29,19,success
libero_spatial,8,task_8/episode_3,44,failure
libero_spatial,8,task_8/episode_30,20,success
libero_spatial,8,task_8/episode_31,19,success
libero_spatial,8,task_8/episode_32,18,success
libero_spatial,8,task_8/episode_33,20,success
libero_spatial,8,task_8/episode_34,26,success
libero_spatial,8,task_8/episode_35,32,success
libero_spatial,8,task_8/episode_36,32,success
libero_spatial,8,task_8/episode_37,20,success
libero_spatial,8,task_8/episode_38,20,success
libero_spatial,8,task_8/episode_39,18,success
libero_spatial,8,task_8/episode_4,30,success
libero_spatial,8,task_8/episode_40,19,success
libero_spatial,8,task_8/episode_41,20,success
libero_spatial,8,task_8/episode_42,25,success
libero_spatial,8,task_8/episode_43,20,success
libero_spatial,8,task_8/episode_44,20,success
libero_spatial,8,task_8/episode_45,19,success
libero_spatial,8,task_8/episode_46,19,success
libero_spatial,8,task_8/episode_47,17,success
libero_spatial,8,task_8/episode_48,28,success
libero_spatial,8,task_8/episode_49,17,success
libero_spatial,8,task_8/episode_5,19,success
libero_spatial,8,task_8/episode_6,44,failure
libero_spatial,8,task_8/episode_7,20,success
libero_spatial,8,task_8/episode_8,19,success
libero_spatial,9,task_9/episode_0,25,success
libero_spatial,9,task_9/episode_1,22,success
libero_spatial,9,task_9/episode_10,23,success
libero_spatial,9,task_9/episode_11,23,success
libero_spatial,9,task_9/episode_13,23,success
libero_spatial,9,task_9/episode_14,25,success
libero_spatial,9,task_9/episode_15,25,success
libero_spatial,9,task_9/episode_16,23,success
libero_spatial,9,task_9/episode_17,23,success
libero_spatial,9,task_9/episode_18,24,success
libero_spatial,9,task_9/episode_19,24,success
libero_spatial,9,task_9/episode_20,22,success
libero_spatial,9,task_9/episode_21,23,success
libero_spatial,9,task_9/episode_23,26,success
libero_spatial,9,task_9/episode_24,44,failure
libero_spatial,9,task_9/episode_25,24,success
libero_spatial,9,task_9/episode_26,22,success
libero_spatial,9,task_9/episode_27,27,success
libero_spatial,9,task_9/episode_28,26,success
libero_spatial,9,task_9/episode_29,24,success
libero_spatial,9,task_9/episode_3,25,success
libero_spatial,9,task_9/episode_30,25,success
libero_spatial,9,task_9/episode_31,23,success
libero_spatial,9,task_9/episode_32,26,success
libero_spatial,9,task_9/episode_33,25,success
libero_spatial,9,task_9/episode_34,25,success
libero_spatial,9,task_9/episode_35,23,success
libero_spatial,9,task_9/episode_36,23,success
libero_spatial,9,task_9/episode_38,22,success
libero_spatial,9,task_9/episode_39,22,success
libero_spatial,9,task_9/episode_4,23,success
libero_spatial,9,task_9/episode_40,26,success
libero_spatial,9,task_9/episode_41,24,success
libero_spatial,9,task_9/episode_42,25,success
libero_spatial,9,task_9/episode_43,24,success
libero_spatial,9,task_9/episode_44,21,success
libero_spatial,9,task_9/episode_45,22,success
libero_spatial,9,task_9/episode_47,23,success
libero_spatial,9,task_9/episode_48,25,success
libero_spatial,9,task_9/episode_49,33,success
libero_spatial,9,task_9/episode_5,24,success
libero_spatial,9,task_9/episode_6,26,success
libero_spatial,9,task_9/episode_7,22,success
libero_spatial,9,task_9/episode_8,25,success
libero_spatial,9,task_9/episode_9,23,success
libero_10,0,task_0/episode_0,53,success
libero_10,0,task_0/episode_1,56,success
libero_10,0,task_0/episode_10,60,success
libero_10,0,task_0/episode_11,51,success
libero_10,0,task_0/episode_12,51,success
libero_10,0,task_0/episode_13,57,success
libero_10,0,task_0/episode_14,57,success
libero_10,0,task_0/episode_16,50,success
libero_10,0,task_0/episode_17,58,success
libero_10,0,task_0/episode_18,54,success
libero_10,0,task_0/episode_19,59,success
libero_10,0,task_0/episode_2,54,success
libero_10,0,task_0/episode_20,52,success
libero_10,0,task_0/episode_21,55,success
libero_10,0,task_0/episode_22,59,success
libero_10,0,task_0/episode_23,53,success
libero_10,0,task_0/episode_24,59,success
libero_10,0,task_0/episode_25,50,success
libero_10,0,task_0/episode_26,104,failure
libero_10,0,task_0/episode_27,54,success
libero_10,0,task_0/episode_28,56,success
libero_10,0,task_0/episode_29,56,success
libero_10,0,task_0/episode_3,53,success
libero_10,0,task_0/episode_30,52,success
libero_10,0,task_0/episode_31,78,success
libero_10,0,task_0/episode_33,55,success
libero_10,0,task_0/episode_35,57,success
libero_10,0,task_0/episode_36,57,success
libero_10,0,task_0/episode_38,60,success
libero_10,0,task_0/episode_39,56,success
libero_10,0,task_0/episode_4,58,success
libero_10,0,task_0/episode_40,53,success
libero_10,0,task_0/episode_41,58,success
libero_10,0,task_0/episode_42,67,success
libero_10,0,task_0/episode_43,52,success
libero_10,0,task_0/episode_44,52,success
libero_10,0,task_0/episode_45,51,success
libero_10,0,task_0/episode_46,53,success
libero_10,0,task_0/episode_47,54,success
libero_10,0,task_0/episode_48,53,success
libero_10,0,task_0/episode_49,56,success
libero_10,0,task_0/episode_5,52,success
libero_10,0,task_0/episode_6,48,success
libero_10,0,task_0/episode_7,54,success
libero_10,0,task_0/episode_9,55,success
libero_10,1,task_1/episode_0,48,success
libero_10,1,task_1/episode_1,54,success
libero_10,1,task_1/episode_10,49,success
libero_10,1,task_1/episode_11,47,success
libero_10,1,task_1/episode_12,51,success
libero_10,1,task_1/episode_13,59,success
libero_10,1,task_1/episode_14,49,success
libero_10,1,task_1/episode_15,48,success
libero_10,1,task_1/episode_16,51,success
libero_10,1,task_1/episode_17,50,success
libero_10,1,task_1/episode_18,51,success
libero_10,1,task_1/episode_19,51,success
libero_10,1,task_1/episode_2,51,success
libero_10,1,task_1/episode_20,52,success
libero_10,1,task_1/episode_21,48,success
libero_10,1,task_1/episode_22,49,success
libero_10,1,task_1/episode_23,51,success
libero_10,1,task_1/episode_24,47,success
libero_10,1,task_1/episode_25,55,success
libero_10,1,task_1/episode_27,47,success
libero_10,1,task_1/episode_29,46,success
libero_10,1,task_1/episode_3,47,success
libero_10,1,task_1/episode_30,55,success
libero_10,1,task_1/episode_31,49,success
libero_10,1,task_1/episode_32,50,success
libero_10,1,task_1/episode_33,47,success
libero_10,1,task_1/episode_34,49,success
libero_10,1,task_1/episode_35,50,success
libero_10,1,task_1/episode_36,54,success
libero_10,1,task_1/episode_37,53,success
libero_10,1,task_1/episode_38,47,success
libero_10,1,task_1/episode_39,51,success
libero_10,1,task_1/episode_4,53,success
libero_10,1,task_1/episode_40,55,success
libero_10,1,task_1/episode_41,47,success
libero_10,1,task_1/episode_42,51,success
libero_10,1,task_1/episode_43,50,success
libero_10,1,task_1/episode_44,49,success
libero_10,1,task_1/episode_45,48,success
libero_10,1,task_1/episode_47,52,success
libero_10,1,task_1/episode_48,50,success
libero_10,1,task_1/episode_49,56,success
libero_10,1,task_1/episode_5,48,success
libero_10,1,task_1/episode_6,49,success
libero_10,1,task_1/episode_7,50,success
libero_10,2,task_2/episode_0,48,success
libero_10,2,task_2/episode_1,50,success
libero_10,2,task_2/episode_10,48,success
libero_10,2,task_2/episode_11,44,success
libero_10,2,task_2/episode_13,50,success
libero_10,2,task_2/episode_14,49,success
libero_10,2,task_2/episode_15,66,success
libero_10,2,task_2/episode_16,104,failure
libero_10,2,task_2/episode_17,47,success
libero_10,2,task_2/episode_18,54,success
libero_10,2,task_2/episode_19,66,success
libero_10,2,task_2/episode_2,104,failure
libero_10,2,task_2/episode_21,104,failure
libero_10,2,task_2/episode_22,49,success
libero_10,2,task_2/episode_23,57,success
libero_10,2,task_2/episode_24,50,success
libero_10,2,task_2/episode_25,51,success
libero_10,2,task_2/episode_26,55,success
libero_10,2,task_2/episode_27,49,success
libero_10,2,task_2/episode_28,67,success
libero_10,2,task_2/episode_29,52,success
libero_10,2,task_2/episode_3,46,success
libero_10,2,task_2/episode_30,51,success
libero_10,2,task_2/episode_31,46,success
libero_10,2,task_2/episode_32,50,success
libero_10,2,task_2/episode_33,52,success
libero_10,2,task_2/episode_34,47,success
libero_10,2,task_2/episode_35,47,success
libero_10,2,task_2/episode_36,53,success
libero_10,2,task_2/episode_37,56,success
libero_10,2,task_2/episode_38,52,success
libero_10,2,task_2/episode_39,67,success
libero_10,2,task_2/episode_40,55,success
libero_10,2,task_2/episode_41,104,failure
libero_10,2,task_2/episode_42,49,success
libero_10,2,task_2/episode_43,52,success
libero_10,2,task_2/episode_44,50,success
libero_10,2,task_2/episode_45,57,success
libero_10,2,task_2/episode_46,45,success
libero_10,2,task_2/episode_47,46,success
libero_10,2,task_2/episode_48,54,success
libero_10,2,task_2/episode_49,53,success
libero_10,2,task_2/episode_5,53,success
libero_10,2,task_2/episode_7,49,success
libero_10,2,task_2/episode_8,56,success
libero_10,3,task_3/episode_0,43,success
libero_10,3,task_3/episode_1,51,success
libero_10,3,task_3/episode_10,104,failure
libero_10,3,task_3/episode_11,52,success
libero_10,3,task_3/episode_12,45,success
libero_10,3,task_3/episode_13,48,success
libero_10,3,task_3/episode_14,44,success
libero_10,3,task_3/episode_15,43,success
libero_10,3,task_3/episode_16,46,success
libero_10,3,task_3/episode_17,43,success
libero_10,3,task_3/episode_19,48,success
libero_10,3,task_3/episode_20,44,success
libero_10,3,task_3/episode_21,44,success
libero_10,3,task_3/episode_22,65,success
libero_10,3,task_3/episode_23,104,failure
libero_10,3,task_3/episode_24,42,success
libero_10,3,task_3/episode_25,104,failure
libero_10,3,task_3/episode_26,71,success
libero_10,3,task_3/episode_27,50,success
libero_10,3,task_3/episode_29,49,success
libero_10,3,task_3/episode_3,49,success
libero_10,3,task_3/episode_30,45,success
libero_10,3,task_3/episode_31,41,success
libero_10,3,task_3/episode_33,79,success
libero_10,3,task_3/episode_34,43,success
libero_10,3,task_3/episode_35,45,success
libero_10,3,task_3/episode_36,104,failure
libero_10,3,task_3/episode_37,52,success
libero_10,3,task_3/episode_38,41,success
libero_10,3,task_3/episode_39,45,success
libero_10,3,task_3/episode_4,104,failure
libero_10,3,task_3/episode_40,56,success
libero_10,3,task_3/episode_41,93,success
libero_10,3,task_3/episode_42,104,failure
libero_10,3,task_3/episode_43,44,success
libero_10,3,task_3/episode_44,46,success
libero_10,3,task_3/episode_45,52,success
libero_10,3,task_3/episode_47,41,success
libero_10,3,task_3/episode_48,60,success
libero_10,3,task_3/episode_49,54,success
libero_10,3,task_3/episode_5,47,success
libero_10,3,task_3/episode_6,42,success
libero_10,3,task_3/episode_7,43,success
libero_10,3,task_3/episode_8,47,success
libero_10,3,task_3/episode_9,43,success
libero_10,4,task_4/episode_0,44,success
libero_10,4,task_4/episode_1,45,success
libero_10,4,task_4/episode_10,50,success
libero_10,4,task_4/episode_11,41,success
libero_10,4,task_4/episode_12,52,success
libero_10,4,task_4/episode_13,44,success
libero_10,4,task_4/episode_14,46,success
libero_10,4,task_4/episode_16,46,success
libero_10,4,task_4/episode_17,41,success
libero_10,4,task_4/episode_18,43,success
libero_10,4,task_4/episode_19,47,success
libero_10,4,task_4/episode_2,46,success
libero_10,4,task_4/episode_22,45,success
libero_10,4,task_4/episode_23,43,success
libero_10,4,task_4/episode_24,51,success
libero_10,4,task_4/episode_25,55,success
libero_10,4,task_4/episode_26,54,success
libero_10,4,task_4/episode_27,43,success
libero_10,4,task_4/episode_28,42,success
libero_10,4,task_4/episode_29,44,success
libero_10,4,task_4/episode_3,104,failure
libero_10,4,task_4/episode_30,46,success
libero_10,4,task_4/episode_32,43,success
libero_10,4,task_4/episode_33,47,success
libero_10,4,task_4/episode_34,47,success
libero_10,4,task_4/episode_35,48,success
libero_10,4,task_4/episode_36,104,failure
libero_10,4,task_4/episode_37,54,success
libero_10,4,task_4/episode_38,48,success
libero_10,4,task_4/episode_39,42,success
libero_10,4,task_4/episode_4,43,success
libero_10,4,task_4/episode_40,42,success
libero_10,4,task_4/episode_41,44,success
libero_10,4,task_4/episode_42,50,success
libero_10,4,task_4/episode_43,48,success
libero_10,4,task_4/episode_44,49,success
libero_10,4,task_4/episode_45,49,success
libero_10,4,task_4/episode_46,43,success
libero_10,4,task_4/episode_47,55,success
libero_10,4,task_4/episode_48,44,success
libero_10,4,task_4/episode_49,45,success
libero_10,4,task_4/episode_5,42,success
libero_10,4,task_4/episode_6,45,success
libero_10,4,task_4/episode_7,45,success
libero_10,4,task_4/episode_8,47,success
libero_10,5,task_5/episode_0,33,success
libero_10,5,task_5/episode_1,33,success
libero_10,5,task_5/episode_11,104,failure
libero_10,5,task_5/episode_12,34,success
libero_10,5,task_5/episode_13,35,success
libero_10,5,task_5/episode_14,42,success
libero_10,5,task_5/episode_15,34,success
libero_10,5,task_5/episode_16,35,success
libero_10,5,task_5/episode_17,36,success
libero_10,5,task_5/episode_18,36,success
libero_10,5,task_5/episode_19,35,success
libero_10,5,task_5/episode_2,35,success
libero_10,5,task_5/episode_20,35,success
libero_10,5,task_5/episode_21,34,success
libero_10,5,task_5/episode_22,35,success
libero_10,5,task_5/episode_23,37,success
libero_10,5,task_5/episode_24,38,success
libero_10,5,task_5/episode_25,36,success
libero_10,5,task_5/episode_26,104,failure
libero_10,5,task_5/episode_27,104,failure
libero_10,5,task_5/episode_28,38,success
libero_10,5,task_5/episode_29,33,success
libero_10,5,task_5/episode_3,37,success
libero_10,5,task_5/episode_30,34,success
libero_10,5,task_5/episode_31,37,success
libero_10,5,task_5/episode_32,32,success
libero_10,5,task_5/episode_34,33,success
libero_10,5,task_5/episode_35,35,success
libero_10,5,task_5/episode_36,36,success
libero_10,5,task_5/episode_37,104,failure
libero_10,5,task_5/episode_38,31,success
libero_10,5,task_5/episode_39,39,success
libero_10,5,task_5/episode_4,32,success
libero_10,5,task_5/episode_40,104,failure
libero_10,5,task_5/episode_41,37,success
libero_10,5,task_5/episode_43,38,success
libero_10,5,task_5/episode_44,104,failure
libero_10,5,task_5/episode_45,36,success
libero_10,5,task_5/episode_46,32,success
libero_10,5,task_5/episode_47,32,success
libero_10,5,task_5/episode_48,32,success
libero_10,5,task_5/episode_5,104,failure
libero_10,5,task_5/episode_6,37,success
libero_10,5,task_5/episode_7,33,success
libero_10,5,task_5/episode_8,104,failure
libero_10,6,task_6/episode_0,40,success
libero_10,6,task_6/episode_1,44,success
libero_10,6,task_6/episode_10,45,success
libero_10,6,task_6/episode_12,46,success
libero_10,6,task_6/episode_13,53,success
libero_10,6,task_6/episode_14,46,success
libero_10,6,task_6/episode_15,44,success
libero_10,6,task_6/episode_16,42,success
libero_10,6,task_6/episode_19,46,success
libero_10,6,task_6/episode_2,47,success
libero_10,6,task_6/episode_20,104,failure
libero_10,6,task_6/episode_21,42,success
libero_10,6,task_6/episode_22,43,success
libero_10,6,task_6/episode_23,104,failure
libero_10,6,task_6/episode_24,49,success
libero_10,6,task_6/episode_25,63,success
libero_10,6,task_6/episode_26,42,success
libero_10,6,task_6/episode_28,43,success
libero_10,6,task_6/episode_29,48,success
libero_10,6,task_6/episode_3,44,success
libero_10,6,task_6/episode_30,40,success
libero_10,6,task_6/episode_31,57,success
libero_10,6,task_6/episode_32,41,success
libero_10,6,task_6/episode_33,44,success
libero_10,6,task_6/episode_34,104,failure
libero_10,6,task_6/episode_35,41,success
libero_10,6,task_6/episode_36,51,success
libero_10,6,task_6/episode_37,104,failure
libero_10,6,task_6/episode_38,42,success
libero_10,6,task_6/episode_39,104,failure
libero_10,6,task_6/episode_4,104,failure
libero_10,6,task_6/episode_40,63,success
libero_10,6,task_6/episode_41,48,success
libero_10,6,task_6/episode_42,43,success
libero_10,6,task_6/episode_43,50,success
libero_10,6,task_6/episode_44,39,success
libero_10,6,task_6/episode_46,41,success
libero_10,6,task_6/episode_47,41,success
libero_10,6,task_6/episode_48,43,success
libero_10,6,task_6/episode_49,46,success
libero_10,6,task_6/episode_5,41,success
libero_10,6,task_6/episode_6,96,success
libero_10,6,task_6/episode_7,44,success
libero_10,6,task_6/episode_8,44,success
libero_10,6,task_6/episode_9,45,success
libero_10,7,task_7/episode_1,51,success
libero_10,7,task_7/episode_10,84,success
libero_10,7,task_7/episode_12,49,success
libero_10,7,task_7/episode_13,57,success
libero_10,7,task_7/episode_14,51,success
libero_10,7,task_7/episode_16,47,success
libero_10,7,task_7/episode_17,56,success
libero_10,7,task_7/episode_18,48,success
libero_10,7,task_7/episode_19,50,success
libero_10,7,task_7/episode_2,64,success
libero_10,7,task_7/episode_20,76,success
libero_10,7,task_7/episode_21,66,success
libero_10,7,task_7/episode_22,59,success
libero_10,7,task_7/episode_23,51,success
libero_10,7,task_7/episode_24,53,success
libero_10,7,task_7/episode_25,51,success
libero_10,7,task_7/episode_26,48,success
libero_10,7,task_7/episode_27,52,success
libero_10,7,task_7/episode_28,53,success
libero_10,7,task_7/episode_29,50,success
libero_10,7,task_7/episode_3,52,success
libero_10,7,task_7/episode_30,49,success
libero_10,7,task_7/episode_32,50,success
libero_10,7,task_7/episode_33,66,success
libero_10,7,task_7/episode_34,55,success
libero_10,7,task_7/episode_35,50,success
libero_10,7,task_7/episode_37,65,success
libero_10,7,task_7/episode_38,53,success
libero_10,7,task_7/episode_39,64,success
libero_10,7,task_7/episode_4,49,success
libero_10,7,task_7/episode_40,47,success
libero_10,7,task_7/episode_41,57,success
libero_10,7,task_7/episode_42,49,success
libero_10,7,task_7/episode_43,52,success
libero_10,7,task_7/episode_44,60,success
libero_10,7,task_7/episode_45,51,success
libero_10,7,task_7/episode_46,50,success
libero_10,7,task_7/episode_47,49,success
libero_10,7,task_7/episode_48,48,success
libero_10,7,task_7/episode_49,75,success
libero_10,7,task_7/episode_5,49,success
libero_10,7,task_7/episode_6,50,success
libero_10,7,task_7/episode_7,50,success
libero_10,7,task_7/episode_8,61,success
libero_10,7,task_7/episode_9,66,success
libero_10,8,task_8/episode_0,104,failure
libero_10,8,task_8/episode_1,87,success
libero_10,8,task_8/episode_11,104,failure
libero_10,8,task_8/episode_12,104,failure
libero_10,8,task_8/episode_14,97,success
libero_10,8,task_8/episode_15,104,failure
libero_10,8,task_8/episode_16,100,success
libero_10,8,task_8/episode_17,98,success
libero_10,8,task_8/episode_18,93,success
libero_10,8,task_8/episode_19,78,success
libero_10,8,task_8/episode_2,94,success
libero_10,8,task_8/episode_21,74,success
libero_10,8,task_8/episode_23,104,failure
libero_10,8,task_8/episode_24,83,success
libero_10,8,task_8/episode_25,77,success
libero_10,8,task_8/episode_26,83,success
libero_10,8,task_8/episode_27,103,success
libero_10,8,task_8/episode_28,104,failure
libero_10,8,task_8/episode_29,104,failure
libero_10,8,task_8/episode_3,104,failure
libero_10,8,task_8/episode_30,104,failure
libero_10,8,task_8/episode_31,86,success
libero_10,8,task_8/episode_32,104,failure
libero_10,8,task_8/episode_33,104,failure
libero_10,8,task_8/episode_34,104,failure
libero_10,8,task_8/episode_35,95,success
libero_10,8,task_8/episode_36,104,failure
libero_10,8,task_8/episode_37,104,failure
libero_10,8,task_8/episode_38,104,failure
libero_10,8,task_8/episode_39,84,success
libero_10,8,task_8/episode_4,104,failure
libero_10,8,task_8/episode_40,104,failure
libero_10,8,task_8/episode_41,85,success
libero_10,8,task_8/episode_42,81,success
libero_10,8,task_8/episode_43,100,success
libero_10,8,task_8/episode_44,79,success
libero_10,8,task_8/episode_45,104,failure
libero_10,8,task_8/episode_46,104,failure
libero_10,8,task_8/episode_47,80,success
libero_10,8,task_8/episode_48,72,success
libero_10,8,task_8/episode_49,104,failure
libero_10,8,task_8/episode_5,80,success
libero_10,8,task_8/episode_6,86,success
libero_10,8,task_8/episode_7,104,failure
libero_10,8,task_8/episode_8,104,failure
libero_10,9,task_9/episode_0,48,success
libero_10,9,task_9/episode_1,51,success
libero_10,9,task_9/episode_10,81,success
libero_10,9,task_9/episode_12,61,success
libero_10,9,task_9/episode_13,50,success
libero_10,9,task_9/episode_14,49,success
libero_10,9,task_9/episode_15,72,success
libero_10,9,task_9/episode_16,48,success
libero_10,9,task_9/episode_17,59,success
libero_10,9,task_9/episode_18,62,success
libero_10,9,task_9/episode_19,68,success
libero_10,9,task_9/episode_20,88,success
libero_10,9,task_9/episode_21,44,success
libero_10,9,task_9/episode_23,63,success
libero_10,9,task_9/episode_24,56,success
libero_10,9,task_9/episode_25,58,success
libero_10,9,task_9/episode_26,48,success
libero_10,9,task_9/episode_27,83,success
libero_10,9,task_9/episode_28,104,failure
libero_10,9,task_9/episode_29,50,success
libero_10,9,task_9/episode_3,104,failure
libero_10,9,task_9/episode_30,58,success
libero_10,9,task_9/episode_31,60,success
libero_10,9,task_9/episode_32,104,failure
libero_10,9,task_9/episode_33,77,success
libero_10,9,task_9/episode_34,104,failure
libero_10,9,task_9/episode_35,56,success
libero_10,9,task_9/episode_37,49,success
libero_10,9,task_9/episode_38,104,failure
libero_10,9,task_9/episode_39,50,success
libero_10,9,task_9/episode_4,63,success
libero_10,9,task_9/episode_40,104,failure
libero_10,9,task_9/episode_41,52,success
libero_10,9,task_9/episode_42,76,success
libero_10,9,task_9/episode_43,104,failure
libero_10,9,task_9/episode_44,48,success
libero_10,9,task_9/episode_46,49,success
libero_10,9,task_9/episode_47,47,success
libero_10,9,task_9/episode_48,52,success
libero_10,9,task_9/episode_49,50,success
libero_10,9,task_9/episode_5,104,failure
libero_10,9,task_9/episode_6,52,success
libero_10,9,task_9/episode_7,104,failure
libero_10,9,task_9/episode_8,50,success
libero_10,9,task_9/episode_9,67,success
