cell,Y,metric,episodes,estimate,lo,hi
groot_l10_50,0,ever_confirmed_stall,26,1.0,1.0,1.0
groot_l10_50,0,terminal_Q4,26,0.19230769230769232,0.04,0.3333333333333333
groot_l10_50,1,ever_confirmed_stall,34,0.9117647058823529,0.8284453781512605,1.0
groot_l10_50,1,terminal_Q4,34,0.9117647058823529,0.8064516129032258,1.0
groot_l10_500,0,ever_confirmed_stall,12,1.0,1.0,1.0
groot_l10_500,0,terminal_Q4,12,0.5833333333333334,0.2727272727272727,0.8461538461538461
groot_l10_500,1,ever_confirmed_stall,48,0.2916666666666667,0.15384615384615385,0.4074074074074074
groot_l10_500,1,terminal_Q4,48,0.9375,0.8666666666666667,1.0
groot_spatial_50,0,ever_confirmed_stall,5,1.0,1.0,1.0
groot_spatial_50,0,terminal_Q4,5,0.4,0.0,0.8
groot_spatial_50,1,ever_confirmed_stall,55,0.16363636363636364,0.09259259259259259,0.23636363636363636
groot_spatial_50,1,terminal_Q4,55,1.0,1.0,1.0
groot_spatial_500,0,ever_confirmed_stall,2,1.0,1.0,1.0
groot_spatial_500,0,terminal_Q4,2,1.0,1.0,1.0
groot_spatial_500,1,ever_confirmed_stall,58,0.034482758620689655,0.0,0.06779661016949153
groot_spatial_500,1,terminal_Q4,58,0.9827586206896551,0.9649122807017544,1.0
pi05_l10_50,0,ever_confirmed_stall,17,0.9411764705882353,0.8461538461538461,1.0
pi05_l10_50,0,terminal_Q4,17,0.35294117647058826,0.18181818181818182,0.5
pi05_l10_50,1,ever_confirmed_stall,43,0.627906976744186,0.5206912878787879,0.7317073170731707
pi05_l10_50,1,terminal_Q4,43,0.9302325581395349,0.9,0.9565217391304348
pi05_l10_500,0,ever_confirmed_stall,6,1.0,1.0,1.0
pi05_l10_500,0,terminal_Q4,6,0.6666666666666666,0.3333333333333333,1.0
pi05_l10_500,1,ever_confirmed_stall,54,0.12962962962962962,0.03636363636363636,0.22809758771929808
pi05_l10_500,1,terminal_Q4,54,0.9814814814814815,0.9607843137254902,1.0
pi05_spatial_50,0,ever_confirmed_stall,16,1.0,1.0,1.0
pi05_spatial_50,0,terminal_Q4,16,0.6875,0.5384615384615384,0.7894736842105263
pi05_spatial_50,1,ever_confirmed_stall,44,0.06818181818181818,0.0,0.13636363636363635
pi05_spatial_50,1,terminal_Q4,44,0.9772727272727273,0.9512195121951219,1.0
pi05_spatial_500,0,ever_confirmed_stall,5,1.0,1.0,1.0
pi05_spatial_500,0,terminal_Q4,5,0.6,0.0,1.0
pi05_spatial_500,1,ever_confirmed_stall,55,0.03636363636363636,0.0,0.07142857142857142
pi05_spatial_500,1,terminal_Q4,55,1.0,1.0,1.0
