cell,arm,episodes,anchors,duplicates,discarded_prior_prefix,missing_episodes,coin_mismatches,unsupported
groot_l10_50,r6c_groot_l10_50_U30,500,15916,0,0,0,0,880
groot_l10_50,r6q2_groot_l10_50_risk_rho0p35,500,15115,0,0,0,0,4851
groot_l10_50,r6q2_groot_l10_50_risk_rho0p45,500,14558,488,495,0,0,11076
groot_l10_500,r6c_groot_l10_500_U18,500,14787,0,0,0,0,0
groot_l10_500,r6q2_groot_l10_500_risk_rho0p13,500,14793,0,0,0,0,1387
groot_l10_500,r6q2_groot_l10_500_risk_rho0p18,500,14779,0,0,0,0,0
groot_spatial_50,r6c_groot_spatial_50_U30,500,5998,0,0,0,0,126
groot_spatial_50,r6q2_groot_spatial_50_risk_rho0p12,500,6299,0,0,0,0,1257
groot_spatial_50,r6q2_groot_spatial_50_risk_rho0p2,500,6117,0,0,0,0,0
groot_spatial_500,r6c_groot_spatial_500_U18,500,5658,0,0,0,0,0
groot_spatial_500,r6q2_groot_spatial_500_risk_rho0p09,500,5589,0,0,0,0,4083
pi05_l10_50,r6c_pi05_l10_50_U30,500,14421,0,0,0,0,582
pi05_l10_50,r6q2_pi05_l10_50_risk_rho0p35,500,14532,72,72,0,0,3898
pi05_l10_50,r6q2_pi05_l10_50_risk_rho0p45,500,14453,0,0,0,0,10586
pi05_l10_500,r6c_pi05_l10_500_U18,500,14497,0,0,0,0,0
pi05_l10_500,r6q2_pi05_l10_500_risk_rho0p18,500,14302,0,0,0,0,0
pi05_l10_500,r6q2_pi05_l10_500_risk_rho0p24,500,14039,0,0,0,0,77
pi05_spatial_50,r6c_pi05_spatial_50_U30,500,5759,0,0,0,0,53
pi05_spatial_50,r6q2_pi05_spatial_50_risk_rho0p35,500,5715,0,0,0,0,1578
pi05_spatial_50,r6q2_pi05_spatial_50_risk_rho0p45,500,5582,0,0,0,0,3845
pi05_spatial_500,r6c_pi05_spatial_500_U18,500,5498,0,0,0,0,0
pi05_spatial_500,r6q2_pi05_spatial_500_risk_rho0p085,500,5497,0,0,0,0,4911
pi05_spatial_500,r6q2_pi05_spatial_500_risk_rho0p105,500,5475,0,0,0,0,2968
