family,cell,label,sampling,effect,lo,hi
four_pooled_phase_tests,POOLED,Q1,all_anchors,0.001197918626983846,-0.01119228293273116,0.013588120186698851
four_pooled_phase_tests,POOLED,Q2,all_anchors,-0.0034428566886057083,-0.01665484897771532,0.009769135600503902
four_pooled_phase_tests,POOLED,Q3,all_anchors,0.01329886318120159,-0.0009188061475218674,0.027516532509925046
four_pooled_phase_tests,POOLED,Q4,all_anchors,-0.0018814592962942411,-0.01816715793790408,0.014404239345315598
32_cell_phase_tests,groot_l10_50,Q1,all_anchors,0.03788813878869968,-0.01161379659149063,0.08739007416888998
32_cell_phase_tests,groot_l10_50,Q2,all_anchors,0.03701680833311227,-0.01061640663582631,0.08465002330205085
32_cell_phase_tests,groot_l10_50,Q3,all_anchors,0.024007352901953105,-0.019775099737138285,0.0677898055410445
32_cell_phase_tests,groot_l10_50,Q4,all_anchors,-0.005098066186078776,-0.05290698856393998,0.04271085619178243
32_cell_phase_tests,groot_l10_500,Q1,all_anchors,-0.008729900474949925,-0.0569234118585005,0.03946361090860065
32_cell_phase_tests,groot_l10_500,Q2,all_anchors,-0.00778010514547034,-0.06394717498351543,0.04838696469257476
32_cell_phase_tests,groot_l10_500,Q3,all_anchors,0.009808896741840267,-0.042731149343473156,0.06234894282715369
32_cell_phase_tests,groot_l10_500,Q4,all_anchors,-0.037294709911694035,-0.09089311213160794,0.016303692308219868
32_cell_phase_tests,groot_spatial_50,Q1,all_anchors,-0.048169203846513464,-0.09540687105611935,-0.0009315366369075789
32_cell_phase_tests,groot_spatial_50,Q2,all_anchors,-0.006876456876456882,-0.05735530666926905,0.04360239291635529
32_cell_phase_tests,groot_spatial_50,Q3,all_anchors,0.019787436938599745,-0.03513224284113542,0.07470711671833491
32_cell_phase_tests,groot_spatial_50,Q4,all_anchors,0.0015949813622651021,-0.06461299065790131,0.06780295338243152
32_cell_phase_tests,groot_spatial_500,Q1,all_anchors,0.019423247683001188,-0.014451813100646686,0.05329830846664906
32_cell_phase_tests,groot_spatial_500,Q2,all_anchors,0.00608658667332973,-0.038254071383188495,0.050427244729847956
32_cell_phase_tests,groot_spatial_500,Q3,all_anchors,-0.01841573954399922,-0.07077702602726758,0.03394554693926914
32_cell_phase_tests,groot_spatial_500,Q4,all_anchors,-0.020691285025757455,-0.09839218816592307,0.05700961811440816
32_cell_phase_tests,pi05_l10_50,Q1,all_anchors,-0.00592250385347437,-0.04181823829428323,0.02997323058733449
32_cell_phase_tests,pi05_l10_50,Q2,all_anchors,-0.0019304086808010767,-0.0416615850978107,0.037800767736208545
32_cell_phase_tests,pi05_l10_50,Q3,all_anchors,0.009334928008815413,-0.034920140588024555,0.05358999660565538
32_cell_phase_tests,pi05_l10_50,Q4,all_anchors,0.0008648758648758248,-0.04264625440238746,0.04437600613213911
32_cell_phase_tests,pi05_l10_500,Q1,all_anchors,0.019236302239508785,-0.022764548201670717,0.06123715268068829
32_cell_phase_tests,pi05_l10_500,Q2,all_anchors,0.0012673384084749273,-0.045937702700404946,0.0484723795173548
32_cell_phase_tests,pi05_l10_500,Q3,all_anchors,0.033530132205080276,-0.015710159132967028,0.08277042354312758
32_cell_phase_tests,pi05_l10_500,Q4,all_anchors,0.0016506773546658415,-0.04906980230824643,0.052371157017578114
32_cell_phase_tests,pi05_spatial_50,Q1,all_anchors,0.0008525976501577714,-0.04194842450211719,0.043653619802432736
32_cell_phase_tests,pi05_spatial_50,Q2,all_anchors,-0.012888382873524007,-0.052552797814649506,0.026776032067601492
32_cell_phase_tests,pi05_spatial_50,Q3,all_anchors,0.022480029356140796,-0.021841103243935935,0.06680116195621752
32_cell_phase_tests,pi05_spatial_50,Q4,all_anchors,0.006754618798497591,-0.05409645851178847,0.06760569610878366
32_cell_phase_tests,pi05_spatial_500,Q1,all_anchors,-0.004995329170558893,-0.03896990741038437,0.028979249069266584
32_cell_phase_tests,pi05_spatial_500,Q2,all_anchors,-0.04243823334751029,-0.1044580883373097,0.019581621642289118
32_cell_phase_tests,pi05_spatial_500,Q3,all_anchors,0.005857868841182334,-0.05669414790257919,0.06840988558494386
32_cell_phase_tests,pi05_spatial_500,Q4,all_anchors,0.03716723337287198,-0.012761528652828778,0.08709599539857274
four_pooled_phase_tests,POOLED,Q1,first_entry,-0.0038753026324813145,-0.03056324624235528,0.02281264097739265
four_pooled_phase_tests,POOLED,Q2,first_entry,-0.003617876598446021,-0.029733628615604205,0.022497875418712163
four_pooled_phase_tests,POOLED,Q3,first_entry,0.015465802677638474,-0.009240130430535867,0.04017173578581282
four_pooled_phase_tests,POOLED,Q4,first_entry,0.0078116130124963185,-0.01666859943949418,0.03229182546448682
32_cell_phase_tests,groot_l10_50,Q1,first_entry,0.013622144623890553,-0.11085801647783718,0.13810230572561827
32_cell_phase_tests,groot_l10_50,Q2,first_entry,0.027923497267759556,-0.09395500873001061,0.14980200326552973
32_cell_phase_tests,groot_l10_50,Q3,first_entry,0.03680858806404663,-0.0862064886866664,0.15982366481475968
32_cell_phase_tests,groot_l10_50,Q4,first_entry,-0.006916711268475373,-0.12467637736749414,0.11084295483054339
32_cell_phase_tests,groot_l10_500,Q1,first_entry,-0.01814240006527401,-0.13274276092540083,0.0964579607948528
32_cell_phase_tests,groot_l10_500,Q2,first_entry,-0.011287399352290284,-0.13376944462393525,0.11119464591935467
32_cell_phase_tests,groot_l10_500,Q3,first_entry,-0.030863221884499414,-0.1522797328860126,0.09055328911701377
32_cell_phase_tests,groot_l10_500,Q4,first_entry,0.009660306157394327,-0.10538252257748013,0.12470313489226878
32_cell_phase_tests,groot_spatial_50,Q1,first_entry,-0.03523203216619197,-0.10908152991003577,0.03861746557765182
32_cell_phase_tests,groot_spatial_50,Q2,first_entry,-0.029083785412899354,-0.10257840955977254,0.044410838733973834
32_cell_phase_tests,groot_spatial_50,Q3,first_entry,0.027866108786610777,-0.04930565220736639,0.10503786978058795
32_cell_phase_tests,groot_spatial_50,Q4,first_entry,-0.02544414333032219,-0.09902869639521522,0.048140409734570844
32_cell_phase_tests,groot_spatial_500,Q1,first_entry,0.013442085643886714,-0.057519735873533887,0.08440390716130731
32_cell_phase_tests,groot_spatial_500,Q2,first_entry,0.005188631343775785,-0.06386973895910575,0.07424700164665732
32_cell_phase_tests,groot_spatial_500,Q3,first_entry,-0.02913987491004444,-0.1045311179443616,0.04625136812427272
32_cell_phase_tests,groot_spatial_500,Q4,first_entry,0.025380681655857606,-0.03225491038797923,0.08301627369969444
32_cell_phase_tests,pi05_l10_50,Q1,first_entry,0.009922589725545383,-0.08271445895807035,0.10255963840916112
32_cell_phase_tests,pi05_l10_50,Q2,first_entry,-0.03952380952380952,-0.13479674008535944,0.05574912103774041
32_cell_phase_tests,pi05_l10_50,Q3,first_entry,0.04149509027557807,-0.05564329332576458,0.1386334738769207
32_cell_phase_tests,pi05_l10_50,Q4,first_entry,0.02052373394892515,-0.07208059206629669,0.11312805996414699
32_cell_phase_tests,pi05_l10_500,Q1,first_entry,0.006149364129580448,-0.09993927442831783,0.11223800268747873
32_cell_phase_tests,pi05_l10_500,Q2,first_entry,0.041007994229727784,-0.05737158914802461,0.13938757760748016
32_cell_phase_tests,pi05_l10_500,Q3,first_entry,0.04130975407571058,-0.05635869432389923,0.1389782024753204
32_cell_phase_tests,pi05_l10_500,Q4,first_entry,0.06708180928339491,-0.02643716369477933,0.16060078226156915
32_cell_phase_tests,pi05_spatial_50,Q1,first_entry,-0.009306122448979548,-0.07852898734717065,0.05991674244921155
32_cell_phase_tests,pi05_spatial_50,Q2,first_entry,0.0061641133539351856,-0.060887467375366155,0.07321569408323653
32_cell_phase_tests,pi05_spatial_50,Q3,first_entry,0.00490083967719801,-0.0623559199712707,0.07215759932566672
32_cell_phase_tests,pi05_spatial_50,Q4,first_entry,-0.03736068060410214,-0.10238681074853431,0.02766544954033004
32_cell_phase_tests,pi05_spatial_500,Q1,first_entry,-0.011458050502308081,-0.0779116909351638,0.054995589930547636
32_cell_phase_tests,pi05_spatial_500,Q2,first_entry,-0.029332254693767323,-0.10295574845621666,0.044291239068682015
32_cell_phase_tests,pi05_spatial_500,Q3,first_entry,0.03134913733650757,-0.008349614941502631,0.07104788961451777
32_cell_phase_tests,pi05_spatial_500,Q4,first_entry,0.009567908257298252,-0.04671603934367711,0.0658518558582736
