cfg,gate_type,param_slug,p_inference,seed,cache_len,inference_len,episodes,success_rate,mean_inference_ratio,inference_ratio_source
clip_w7_d4,periodic,periodic_k10_n1,,,10,1,500,0.716,0.07379324431216519,derived
clip_w7_d4,periodic,periodic_k10_n10,,,10,10,500,0.892,0.4206545217031412,derived
clip_w7_d4,periodic,periodic_k10_n2,,,10,2,500,0.756,0.13952134686613746,derived
clip_w7_d4,periodic,periodic_k10_n3,,,10,3,500,0.762,0.17937500851242336,derived
clip_w7_d4,periodic,periodic_k10_n5,,,10,5,500,0.804,0.2703437061953362,derived
clip_w7_d4,periodic,periodic_k1_n1,,,1,1,500,0.938,0.48704393621334136,derived
clip_w7_d4,periodic,periodic_k1_n10,,,1,10,500,0.978,0.8872285172087209,derived
clip_w7_d4,periodic,periodic_k1_n2,,,1,2,500,0.952,0.6506825973339871,derived
clip_w7_d4,periodic,periodic_k1_n3,,,1,3,500,0.98,0.7309634172263764,derived
clip_w7_d4,periodic,periodic_k1_n5,,,1,5,500,0.968,0.8131812759320949,derived
clip_w7_d4,periodic,periodic_k2_n1,,,2,1,500,0.864,0.31750268986376073,derived
clip_w7_d4,periodic,periodic_k2_n10,,,2,10,500,0.972,0.7947410967366944,derived
clip_w7_d4,periodic,periodic_k2_n2,,,2,2,500,0.932,0.4756434150689036,derived
clip_w7_d4,periodic,periodic_k2_n3,,,2,3,500,0.938,0.5747900043998977,derived
clip_w7_d4,periodic,periodic_k2_n5,,,2,5,500,0.97,0.6812670301628755,derived
clip_w7_d4,periodic,periodic_k5_n1,,,5,1,500,0.816,0.15155940602471657,derived
clip_w7_d4,periodic,periodic_k5_n10,,,5,10,500,0.948,0.5740318062432257,derived
clip_w7_d4,periodic,periodic_k5_n2,,,5,2,500,0.852,0.2557394300160221,derived
clip_w7_d4,periodic,periodic_k5_n3,,,5,3,500,0.92,0.3403258711220788,derived
clip_w7_d4,periodic,periodic_k5_n5,,,5,5,500,0.918,0.4437781364477792,derived
clip_w7_d4,random,random_p0p05,0.05,"0,1,2",,,1500,0.7326666666666667,0.05,expected
clip_w7_d4,random,random_p0p10,0.1,"0,1,2",,,1500,0.6506666666666666,0.1,expected
clip_w7_d4,random,random_p0p20,0.2,"0,1,2",,,1500,0.74,0.2,expected
clip_w7_d4,random,random_p0p30,0.3,"0,1,2",,,1500,0.8146666666666667,0.3,expected
clip_w7_d4,random,random_p0p50,0.5,"0,1,2",,,1500,0.9,0.5,expected
clip_w7_d4,random,random_p0p70,0.7,"0,1,2",,,1500,0.9633333333333334,0.7,expected
max_pool_w3_d5,periodic,periodic_k10_n1,,,10,1,500,0.736,0.07283843662214547,derived
max_pool_w3_d5,periodic,periodic_k10_n10,,,10,10,500,0.864,0.41977163464141515,derived
max_pool_w3_d5,periodic,periodic_k10_n2,,,10,2,500,0.74,0.13823692973758664,derived
max_pool_w3_d5,periodic,periodic_k10_n3,,,10,3,500,0.78,0.17893357212726144,derived
max_pool_w3_d5,periodic,periodic_k10_n5,,,10,5,500,0.762,0.27517639042558995,derived
max_pool_w3_d5,periodic,periodic_k1_n1,,,1,1,500,0.928,0.48640254697079477,derived
max_pool_w3_d5,periodic,periodic_k1_n10,,,1,10,500,0.978,0.8872744676477684,derived
max_pool_w3_d5,periodic,periodic_k1_n2,,,1,2,500,0.946,0.6496239768645972,derived
max_pool_w3_d5,periodic,periodic_k1_n3,,,1,3,500,0.97,0.7316711606679379,derived
max_pool_w3_d5,periodic,periodic_k1_n5,,,1,5,500,0.978,0.8132412800817701,derived
max_pool_w3_d5,periodic,periodic_k2_n1,,,2,1,500,0.888,0.3170181279309364,derived
max_pool_w3_d5,periodic,periodic_k2_n10,,,2,10,500,0.978,0.7934532635382757,derived
max_pool_w3_d5,periodic,periodic_k2_n2,,,2,2,500,0.91,0.4749301670552797,derived
max_pool_w3_d5,periodic,periodic_k2_n3,,,2,3,500,0.932,0.5758999132460606,derived
max_pool_w3_d5,periodic,periodic_k2_n5,,,2,5,500,0.934,0.6810981022107466,derived
max_pool_w3_d5,periodic,periodic_k5_n1,,,5,1,500,0.792,0.15062514470655944,derived
max_pool_w3_d5,periodic,periodic_k5_n10,,,5,10,500,0.938,0.5810759988434847,derived
max_pool_w3_d5,periodic,periodic_k5_n2,,,5,2,500,0.848,0.25609484003120886,derived
max_pool_w3_d5,periodic,periodic_k5_n3,,,5,3,500,0.914,0.33987504156079207,derived
max_pool_w3_d5,periodic,periodic_k5_n5,,,5,5,500,0.934,0.4419627886159864,derived
max_pool_w3_d5,random,random_p0p05,0.05,"0,1,2",,,1500,0.7173333333333334,0.05,expected
max_pool_w3_d5,random,random_p0p10,0.1,"0,1,2",,,1500,0.678,0.1,expected
max_pool_w3_d5,random,random_p0p20,0.2,"0,1,2",,,1500,0.7393333333333333,0.2,expected
max_pool_w3_d5,random,random_p0p30,0.3,"0,1,2",,,1500,0.8173333333333334,0.3,expected
max_pool_w3_d5,random,random_p0p50,0.5,"0,1,2",,,1500,0.888,0.5,expected
max_pool_w3_d5,random,random_p0p70,0.7,"0,1,2",,,1500,0.9526666666666667,0.7,expected
spatial16_w8_d4,periodic,periodic_k10_n1,,,10,1,500,0.734,0.07223499768360238,derived
spatial16_w8_d4,periodic,periodic_k10_n10,,,10,10,500,0.896,0.42205455703494876,derived
spatial16_w8_d4,periodic,periodic_k10_n2,,,10,2,500,0.738,0.13837900661904368,derived
spatial16_w8_d4,periodic,periodic_k10_n3,,,10,3,500,0.768,0.17730979009745018,derived
spatial16_w8_d4,periodic,periodic_k10_n5,,,10,5,500,0.794,0.2689700708410165,derived
spatial16_w8_d4,periodic,periodic_k1_n1,,,1,1,500,0.92,0.4858548591173271,derived
spatial16_w8_d4,periodic,periodic_k1_n10,,,1,10,500,0.972,0.8870129520332619,derived
spatial16_w8_d4,periodic,periodic_k1_n2,,,1,2,500,0.946,0.6496470880568105,derived
spatial16_w8_d4,periodic,periodic_k1_n3,,,1,3,500,0.976,0.7307857843506164,derived
spatial16_w8_d4,periodic,periodic_k1_n5,,,1,5,500,0.968,0.8134917244682479,derived
spatial16_w8_d4,periodic,periodic_k2_n1,,,2,1,500,0.886,0.31657934027130297,derived
spatial16_w8_d4,periodic,periodic_k2_n10,,,2,10,500,0.978,0.7940173493067215,derived
spatial16_w8_d4,periodic,periodic_k2_n2,,,2,2,500,0.934,0.4753685790802839,derived
spatial16_w8_d4,periodic,periodic_k2_n3,,,2,3,500,0.936,0.5728895870034021,derived
spatial16_w8_d4,periodic,periodic_k2_n5,,,2,5,500,0.95,0.6808759216737384,derived
spatial16_w8_d4,periodic,periodic_k5_n1,,,5,1,500,0.776,0.15116969749100218,derived
spatial16_w8_d4,periodic,periodic_k5_n10,,,5,10,500,0.92,0.5777389187071258,derived
spatial16_w8_d4,periodic,periodic_k5_n2,,,5,2,500,0.83,0.25446401874028407,derived
spatial16_w8_d4,periodic,periodic_k5_n3,,,5,3,500,0.908,0.3402271213037017,derived
spatial16_w8_d4,periodic,periodic_k5_n5,,,5,5,500,0.938,0.4438591247436945,derived
spatial16_w8_d4,random,random_p0p05,0.05,"0,1,2",,,1500,0.726,0.05,expected
spatial16_w8_d4,random,random_p0p10,0.1,"0,1,2",,,1500,0.7013333333333334,0.1,expected
spatial16_w8_d4,random,random_p0p20,0.2,"0,1,2",,,1500,0.774,0.2,expected
spatial16_w8_d4,random,random_p0p30,0.3,"0,1,2",,,1500,0.8233333333333334,0.3,expected
spatial16_w8_d4,random,random_p0p50,0.5,"0,1,2",,,1500,0.9086666666666666,0.5,expected
spatial16_w8_d4,random,random_p0p70,0.7,"0,1,2",,,1500,0.96,0.7,expected
