cell,variant,N,V,M,raw_grants,valve_checked_blind,served_extra_blocks,extra_source_2,grants_with_served_extension,valve_looks,valve_age_1,valve_age_2,raw_IR,summary_default_IR,served_eligibility,valve_age_3,extra_blocks_with_command_transition,extra_source_1,stall_calls,extra_looks,fresh_anchors,deviation_entries,probability_clipped,event_mass_positive
pi05_l10_50,SF1,1403,604,0,213,417.0,208.0,208.0,208.0,5.0,4.0,1.0,0.06543692088382072,0.06111437699066663,0.3443708609271523,0.0,0.0,0.0,0.0,0.0,0.0,0.0,0.0,0.0
pi05_l10_50,SF2,1510,610,0,164,463.0,304.0,304.0,154.0,12.0,5.0,3.0,0.061403973509934096,0.0573478326169052,0.25245901639344265,4.0,0.0,0.0,0.0,0.0,0.0,0.0,0.0,0.0
pi05_l10_50,UF1,1169,424,0,334,0.0,333.0,333.0,333.0,0.0,0.0,0.0,0.0551308810949532,0.05148911968285544,0.785377358490566,0.0,21.0,0.0,0.0,0.0,0.0,0.0,0.0,0.0
pi05_l10_50,A,1291,648,0,0,0.0,0.0,0.0,0.0,0.0,0.0,0.0,0.07629434546862937,0.07125459646098387,0.0,0.0,0.0,0.0,0.0,0.0,0.0,0.0,0.0,0.0
pi05_l10_500,SF1,1001,447,0,119,235.0,117.0,117.0,117.0,2.0,1.0,1.0,0.0678761238761242,0.06339245440040697,0.26174496644295303,0.0,0.0,0.0,0.0,0.0,0.0,0.0,0.0,0.0
pi05_l10_500,SF2,1084,458,0,87,260.0,173.0,173.0,87.0,1.0,0.0,0.0,0.06422140221402244,0.05997915141431144,0.18995633187772926,1.0,0.0,0.0,0.0,0.0,0.0,0.0,0.0,0.0
pi05_l10_500,UF1,1371,505,0,373,0.0,372.0,372.0,372.0,0.0,0.0,0.0,0.0559883296863606,0.05228992809128321,0.7366336633663366,0.0,33.0,0.0,0.0,0.0,0.0,0.0,0.0,0.0
pi05_l10_500,A,1001,505,0,0,0.0,0.0,0.0,0.0,0.0,0.0,0.0,0.07668331668331706,0.07161787353960967,0.0,0.0,0.0,0.0,0.0,0.0,0.0,0.0,0.0,0.0
pi05_spatial_50,SF1,581,257,0,78,156.0,78.0,78.0,78.0,0.0,0.0,0.0,0.06723580034423429,0.06279442849705821,0.3035019455252918,0.0,0.0,0.0,0.0,0.0,0.0,0.0,0.0,0.0
pi05_spatial_50,SF2,514,209,0,54,161.0,107.0,107.0,54.0,1.0,0.0,0.0,0.06180544747081726,0.05772278655217552,0.2583732057416268,1.0,0.0,0.0,0.0,0.0,0.0,0.0,0.0,0.0
pi05_spatial_50,UF1,557,223,0,117,0.0,117.0,117.0,117.0,0.0,0.0,0.0,0.06085457809694809,0.05683472842537743,0.5246636771300448,0.0,10.0,0.0,0.0,0.0,0.0,0.0,0.0,0.0
pi05_spatial_50,A,535,272,0,0,0.0,0.0,0.0,0.0,0.0,0.0,0.0,0.07727850467289744,0.07217374540344815,0.0,0.0,0.0,0.0,0.0,0.0,0.0,0.0,0.0,0.0
pi05_spatial_500,SF1,463,190,0,92,184.0,92.0,92.0,92.0,0.0,0.0,0.0,0.0623758099352053,0.05825547278189322,0.4842105263157895,0.0,0.0,0.0,0.0,0.0,0.0,0.0,0.0,0.0
pi05_spatial_500,SF2,466,173,0,66,194.0,129.0,129.0,65.0,2.0,1.0,0.0,0.0564291845493563,0.05270166155813039,0.37572254335260113,1.0,0.0,0.0,0.0,0.0,0.0,0.0,0.0,0.0
pi05_spatial_500,UF1,462,168,0,136,0.0,136.0,136.0,136.0,0.0,0.0,0.0,0.055272727272727334,0.051621595977065185,0.8095238095238095,0.0,14.0,0.0,0.0,0.0,0.0,0.0,0.0,0.0
pi05_spatial_500,A,461,236,0,0,0.0,0.0,0.0,0.0,0.0,0.0,0.0,0.07781344902386139,0.07267335312172518,0.0,0.0,0.0,0.0,0.0,0.0,0.0,0.0,0.0,0.0
groot_l10_50,SF1,1280,561,0,174,342.0,171.0,0.0,171.0,3.0,3.0,0.0,0.06486562500000012,0.05585440628306843,0.3048128342245989,0.0,0.0,171.0,0.0,0.0,0.0,0.0,0.0,0.0
groot_l10_50,SF2,1402,572,0,135,399.0,265.0,132.0,133.0,2.0,1.0,0.0,0.060382310984308206,0.05199392020084802,0.23251748251748253,1.0,0.0,133.0,0.0,0.0,0.0,0.0,0.0,0.0
groot_l10_50,UF1,1318,490,0,349,0.0,346.0,0.0,346.0,0.0,0.0,0.0,0.055022761760243115,0.047378926668371464,0.7061224489795919,0.0,26.0,346.0,0.0,0.0,0.0,0.0,0.0,0.0
groot_l10_50,A,1381,693,0,0,0.0,0.0,0.0,0.0,0.0,0.0,0.0,0.07426792179579988,0.06395052352893808,0.0,0.0,0.0,0.0,0.0,0.0,0.0,0.0,0.0,0.0
groot_l10_500,SF1,1152,529,0,101,202.0,101.0,0.0,101.0,0.0,0.0,0.0,0.0679618055555558,0.05852046132648683,0.19092627599243855,0.0,0.0,101.0,0.0,0.0,0.0,0.0,0.0,0.0
groot_l10_500,SF2,1180,520,0,74,219.0,146.0,73.0,73.0,1.0,1.0,0.0,0.0652203389830511,0.05615984292880503,0.14038461538461539,0.0,0.0,73.0,0.0,0.0,0.0,0.0,0.0,0.0
groot_l10_500,UF1,1183,423,0,350,0.0,349.0,0.0,349.0,0.0,0.0,0.0,0.052919695688926974,0.045568021326945415,0.8250591016548463,0.0,36.0,349.0,0.0,0.0,0.0,0.0,0.0,0.0
groot_l10_500,A,1106,558,0,0,0.0,0.0,0.0,0.0,0.0,0.0,0.0,0.0746690777576855,0.06429595037216995,0.0,0.0,0.0,0.0,0.0,0.0,0.0,0.0,0.0,0.0
groot_spatial_50,SF1,519,225,0,82,161.0,79.0,0.0,79.0,3.0,0.0,3.0,0.0641618497109826,0.05763728693124659,0.3511111111111111,0.0,0.0,79.0,0.0,0.0,0.0,0.0,0.0,0.0
groot_spatial_50,SF2,540,214,0,61,181.0,120.0,60.0,60.0,1.0,0.0,1.0,0.05865185185185175,0.05268759596959534,0.2803738317757009,0.0,0.0,60.0,0.0,0.0,0.0,0.0,0.0,0.0
groot_spatial_50,UF1,537,217,0,115,0.0,115.0,0.0,115.0,0.0,0.0,0.0,0.059806331471135836,0.05372467755893056,0.5299539170506913,0.0,9.0,115.0,0.0,0.0,0.0,0.0,0.0,0.0
groot_spatial_50,A,498,253,0,0,0.0,0.0,0.0,0.0,0.0,0.0,0.0,0.07518875502008045,0.06754287581509323,0.0,0.0,0.0,0.0,0.0,0.0,0.0,0.0,0.0,0.0
groot_spatial_500,SF1,471,208,0,68,136.0,68.0,0.0,68.0,0.0,0.0,0.0,0.06535881104033958,0.058712530302448045,0.3269230769230769,0.0,0.0,68.0,0.0,0.0,0.0,0.0,0.0,0.0
groot_spatial_500,SF2,483,201,0,45,135.0,90.0,45.0,45.0,0.0,0.0,0.0,0.06159006211180113,0.0553270221797167,0.22388059701492538,0.0,0.0,45.0,0.0,0.0,0.0,0.0,0.0,0.0
groot_spatial_500,UF1,476,174,0,134,0.0,134.0,0.0,134.0,0.0,0.0,0.0,0.05410084033613436,0.048599372862867925,0.7701149425287356,0.0,5.0,134.0,0.0,0.0,0.0,0.0,0.0,0.0
groot_spatial_500,A,473,240,0,0,0.0,0.0,0.0,0.0,0.0,0.0,0.0,0.07509513742071885,0.0674587781081144,0.0,0.0,0.0,0.0,0.0,0.0,0.0,0.0,0.0,0.0
pi05_l10_50,SW,1241,624,0,0,0.0,0.0,0.0,0.0,0.0,0.0,0.0,0.05950198710717175,0.05557154208979916,0.0,0.0,0.0,0.0,0.0,0.0,0.0,0.0,0.0,0.0
pi05_l10_500,SW,1064,536,0,0,0.0,0.0,0.0,0.0,0.0,0.0,0.0,0.06538097180451136,0.06106216141834195,0.0,0.0,0.0,0.0,0.0,0.0,0.0,0.0,0.0,0.0
pi05_spatial_50,SW,540,274,0,0,0.0,0.0,0.0,0.0,0.0,0.0,0.0,0.06368120370370393,0.059474681901106906,0.0,0.0,0.0,0.0,0.0,0.0,0.0,0.0,0.0,0.0
pi05_spatial_500,SW,479,244,0,0,0.0,0.0,0.0,0.0,0.0,0.0,0.0,0.05742088100208787,0.05362791726307133,0.0,0.0,0.0,0.0,0.0,0.0,0.0,0.0,0.0,0.0
pi05_l10_50,CU30,1179,612,306,0,0.0,0.0,0.0,0.0,0.0,0.0,0.0,0.2989923664122118,0.296386406288974,0.0,0.0,0.0,0.0,62.0,34.0,0.0,0.0,0.0,0.0
pi05_l10_50,CT30,1123,584,317,0,0.0,0.0,0.0,0.0,0.0,0.0,0.0,0.31841852181656094,0.31603130618536074,0.0,0.0,0.0,0.0,33.0,34.0,584.0,35.0,121.0,247.0
pi05_spatial_50,CU30,470,247,123,0,0.0,0.0,0.0,0.0,0.0,0.0,0.0,0.3018042553191488,0.2991552430386792,0.0,0.0,0.0,0.0,25.0,11.0,0.0,0.0,0.0,0.0
pi05_spatial_50,CT30,519,274,130,0,0.0,0.0,0.0,0.0,0.0,0.0,0.0,0.29265510597302474,0.2898692716896297,0.0,0.0,0.0,0.0,33.0,17.0,274.0,10.0,55.0,152.0
groot_l10_50,CU30,1271,657,344,0,0.0,0.0,0.0,0.0,0.0,0.0,0.0,0.3070999213217957,0.3020366706822684,0.0,0.0,0.0,0.0,107.0,35.0,0.0,0.0,0.0,0.0
groot_l10_50,CT30,1267,651,328,0,0.0,0.0,0.0,0.0,0.0,0.0,0.0,0.2966093133385966,0.2913678017938874,0.0,0.0,0.0,0.0,103.0,23.0,651.0,26.0,112.0,349.0
groot_spatial_50,CU30,504,266,134,0,0.0,0.0,0.0,0.0,0.0,0.0,0.0,0.3046349206349203,0.3006932562000515,0.0,0.0,0.0,0.0,24.0,18.0,0.0,0.0,0.0,0.0
groot_spatial_50,CT30,474,247,133,0,0.0,0.0,0.0,0.0,0.0,0.0,0.0,0.3161856540084385,0.312566035804727,0.0,0.0,0.0,0.0,18.0,13.0,247.0,10.0,58.0,124.0
