cell,task,hard_under_motion,easy_under_motion,difference,hard_anchors,easy_anchors
groot_l10_50,0,0.5263157894736842,0.0,0.5263157894736842,57,171
groot_l10_50,1,0.717948717948718,0.45989304812834225,0.2580556698203757,117,187
groot_l10_50,2,0.045454545454545456,0.016129032258064516,0.02932551319648094,22,124
groot_l10_50,3,0.14814814814814814,0.12631578947368421,0.021832358674463925,54,95
groot_l10_50,4,0.0,0.10810810810810811,-0.10810810810810811,36,111
groot_l10_50,5,0.0,0.0,0.0,32,68
groot_l10_50,6,0.0,0.0,0.0,48,72
groot_l10_50,7,0.4918032786885246,0.140625,0.3511782786885246,61,128
groot_l10_50,8,0.031746031746031744,0.004878048780487805,0.02686798296554394,63,205
groot_l10_50,9,0.009900990099009901,0.010869565217391304,-0.0009685751183814029,101,184
