cell,cohort,pure_policy,episodes,successes,anchors,hard_share,event_share,under_motion_share,hard_under_motion,easy_under_motion,under_motion_risk_ratio,stall_onsets,hard_stall_onset_share,failed_last_hard,success_last_hard,fail_auc_hardshare,fail_auc_initial,fail_auc_initial_deviation,success_hard_share,failed_hard_share,nn_retrieved_hard_agreement,retrieved_known,out_of_tube_share,actual_commit_motion_hard,actual_commit_motion_easy,nn_query_ms
groot_l10_50,cal,False,10,6,365,0.2547945205479452,0.2684931506849315,0.2054380664652568,0.22580645161290322,0.19747899159663865,1.1434454358270418,8,0.625,0.0,0.0,0.125,0.6666666666666666,0.2916666666666667,0.3598356222044378,0.17788461538461536,0.7589041095890411,1.0,0.2191780821917808,0.0363874060687774,0.044981152749175184,0.0049124982279653735
groot_l10_50,p3,False,60,34,2234,0.3160250671441361,0.3222918531781558,0.14927685950413222,0.2639593908629442,0.09888475836431226,2.669363764741804,66,0.48484848484848486,0.34615384615384615,0.08823529411764706,0.7205882352941176,0.747737556561086,0.754524886877828,0.2635336941696953,0.3594674556213017,0.7502238137869293,1.0,0.2739480752014324,0.018887138496672503,0.05022752973338326,0.005108152086345049
groot_l10_50,p3,True,60,50,1795,0.2406685236768802,0.17381615598885794,0.08823529411764706,0.1570048309178744,0.06549520766773163,2.3971957110875457,72,0.2916666666666667,0.2,0.2,0.423,0.392,0.422,0.24882760009599747,0.2326923076923077,0.8167130919220056,1.0,0.17381615598885794,0.033244519836703915,0.0600937712264332,0.005958417508130272
groot_l10_500,cal,False,10,9,290,0.3310344827586207,0.20344827586206896,0.16071428571428573,0.24731182795698925,0.11764705882352941,2.1021505376344085,11,0.6363636363636364,1.0,0.2222222222222222,0.8888888888888888,0.3333333333333333,1.0,0.3174211772250988,0.46153846153846156,0.7871485943775101,0.8586206896551725,0.16896551724137931,0.024779637939035343,0.059392190562313645,0.011808545836670832
groot_l10_500,p3,False,60,48,1862,0.2663802363050483,0.2046186895810956,0.13957597173144876,0.09583333333333334,0.1568144499178982,0.6111256544502618,86,0.20930232558139536,0.08333333333333333,0.1875,0.2621527777777778,0.5364583333333334,0.5729166666666666,0.30139741350372634,0.19391025641025642,0.8141414141414142,0.7975295381310419,0.13050483351235231,0.03467922280711992,0.051460716006206456,0.010708998888731003
groot_l10_500,p3,True,60,50,1790,0.2212290502793296,0.20893854748603352,0.07982937233394272,0.09736842105263158,0.07454401268834258,1.3061870100783874,72,0.3333333333333333,0.2,0.22,0.268,0.455,0.572,0.24844396812036734,0.15961538461538458,0.8381294964028777,0.776536312849162,0.1871508379888268,0.03642335909515482,0.05952712668876326,0.01158051851109184
groot_spatial_50,cal,False,10,8,133,0.2556390977443609,0.16541353383458646,0.0380952380952381,0.06060606060606061,0.027777777777777776,2.181818181818182,3,0.6666666666666666,0.0,0.125,0.375,0.25,0.4375,0.2793026418026418,0.20454545454545453,0.8421052631578947,1.0,0.12030075187969924,0.06531603675781746,0.09394451579696755,0.010552690722621404
groot_spatial_50,p3,False,60,55,706,0.29603399433427763,0.15155807365439095,0.07641196013289037,0.08080808080808081,0.07425742574257425,1.0882154882154884,30,0.5333333333333333,0.0,0.07272727272727272,0.13090909090909092,0.5109090909090909,0.39636363636363636,0.31875649602922335,0.1818181818181818,0.8611898016997167,1.0,0.06373937677053824,0.07759169088809958,0.0962475901558305,0.011718667034680644
groot_spatial_50,p3,True,60,54,721,0.2787794729542302,0.18446601941747573,0.09309791332263243,0.1407035175879397,0.07075471698113207,1.988609715242881,39,0.6153846153846154,0.0,0.037037037037037035,0.2345679012345679,0.6620370370370371,0.3611111111111111,0.2975364655920212,0.19696969696969693,0.883495145631068,1.0,0.10263522884882108,0.07402468473168129,0.0972557337778455,0.012258309512757339
groot_spatial_500,cal,False,10,9,122,0.3114754098360656,0.1885245901639344,0.10891089108910891,0.09090909090909091,0.11764705882352941,0.7727272727272727,9,0.3333333333333333,0.0,0.0,0.8888888888888888,0.3333333333333333,0.8888888888888888,0.2904515237848571,0.4090909090909091,0.88,0.819672131147541,0.07377049180327869,0.0673298554727571,0.0984424013145607,0.013922399375587702
groot_spatial_500,p3,False,60,58,678,0.32890855457227136,0.14601769911504425,0.035897435897435895,0.037914691943127965,0.034759358288770054,1.090776522056143,21,0.38095238095238093,0.0,0.08620689655172414,0.4827586206896552,0.21551724137931033,0.39655172413793105,0.3267725569449708,0.3181818181818182,0.8489984591679507,0.9572271386430679,0.03392330383480826,0.08087174105943376,0.10016260738590967,0.014629902910779823
groot_spatial_500,p3,True,60,54,721,0.29542302357836336,0.17337031900138697,0.1130298273155416,0.15196078431372548,0.09468822170900693,1.6048541367766618,48,0.5625,0.5,0.05555555555555555,0.38271604938271603,0.7037037037037037,0.5,0.2997732206065539,0.28030303030303033,0.8504672897196262,0.8904299583911235,0.10818307905686546,0.07597693749008007,0.0969037162638772,0.014879275113344193
pi05_l10_50,cal,False,10,7,346,0.23410404624277456,0.16184971098265896,0.06343283582089553,0.05714285714285714,0.06565656565656566,0.8703296703296702,12,0.25,0.0,0.2857142857142857,0.0,0.19047619047619047,0.8095238095238095,0.295748957085164,0.16025641025641027,0.861271676300578,1.0,0.16184971098265896,0.03522250740285857,0.0520017986644351,0.0057899378589354455
pi05_l10_50,p3,False,60,43,2055,0.2846715328467153,0.19075425790754258,0.07055555555555555,0.045454545454545456,0.0797872340425532,0.5696969696969697,74,0.20270270270270271,0.4117647058823529,0.06976744186046512,0.35294117647058826,0.4261285909712722,0.4692202462380301,0.30288612641694185,0.26357466063348417,0.808272506082725,1.0,0.19951338199513383,0.03613198327993026,0.05577438769855947,0.006125982438858885
pi05_l10_50,p3,True,60,57,1647,0.2647237401335762,0.16697024893746204,0.050980392156862744,0.10436893203883495,0.03130590339892665,3.333841886269071,57,0.5964912280701754,0.0,0.2807017543859649,0.0,0.8859649122807017,0.45614035087719296,0.29199700814362683,0.06410256410256411,0.8506375227686703,1.0,0.06739526411657559,0.03776072921253702,0.06467175214716242,0.006297317502850836
pi05_l10_500,cal,False,10,9,274,0.22627737226277372,0.21897810218978103,0.04924242424242424,0.08333333333333333,0.0392156862745098,2.125,10,0.5,0.0,0.2222222222222222,0.4444444444444444,1.0,0.5,0.22926978691471447,0.23076923076923078,0.8169642857142857,0.8175182481751825,0.0,0.027647152518019937,0.059719263202612075,0.015011367698510488
pi05_l10_500,p3,False,60,54,1657,0.28786964393482195,0.18889559444779722,0.07093096896770108,0.05010893246187364,0.07946428571428571,0.6305843186213312,43,0.5348837209302325,0.3333333333333333,0.2222222222222222,0.1388888888888889,0.6759259259259259,0.46296296296296297,0.3118673524327786,0.20833333333333334,0.825,0.8931804465902233,0.08267954133977067,0.04583555989548552,0.06418075216102609,0.010554327253395548
pi05_l10_500,p3,True,60,52,1711,0.24430157802454705,0.16306253652834599,0.0649772579597141,0.058823529411764705,0.06707317073170732,0.8770053475935828,46,0.41304347826086957,0.125,0.3269230769230769,0.056490384615384616,0.3485576923076923,0.7451923076923077,0.28323541314620093,0.14423076923076922,0.8510938602681722,0.8281706604324957,0.09468147282291058,0.04029349218518089,0.062010828517289854,0.009916189950532638
pi05_spatial_50,cal,False,10,7,152,0.28289473684210525,0.1118421052631579,0.07142857142857142,0.16216216216216217,0.01639344262295082,9.891891891891891,7,0.8571428571428571,0.0,0.2857142857142857,0.23809523809523808,0.5238095238095238,0.5238095238095238,0.3423687423687423,0.2272727272727273,0.881578947368421,1.0,0.19078947368421054,0.08346775204351209,0.05494614964050983,0.011954997899010777
pi05_spatial_50,p3,False,60,44,813,0.3173431734317343,0.17220172201722017,0.04982817869415808,0.07575757575757576,0.036458333333333336,2.0779220779220777,26,0.5769230769230769,0.25,0.13636363636363635,0.42613636363636365,0.43607954545454547,0.6619318181818182,0.3213091832410014,0.3068181818181818,0.8314883148831488,1.0,0.15375153751537515,0.07309407241644682,0.07850798108624935,0.009714284845228707
pi05_spatial_50,p3,True,60,60,639,0.297339593114241,0.14241001564945227,0.03893805309734513,0.054945054945054944,0.031331592689295036,1.7536630036630039,21,0.47619047619047616,,0.11666666666666667,,,,0.30333086303674534,,0.8341158059467919,1.0,0.054773082942097026,0.0852509963437455,0.10078536081691819,0.012494749777639905
pi05_spatial_500,cal,False,10,8,135,0.2740740740740741,0.15555555555555556,0.019417475728155338,0.03125,0.014084507042253521,2.21875,2,0.5,0.5,0.125,0.5,0.4375,0.5,0.27131826506826506,0.2727272727272727,0.8842975206611571,0.8962962962962963,0.15555555555555556,0.0743971157719047,0.08680776080766092,0.012411852367222309
pi05_spatial_500,p3,False,60,55,686,0.2813411078717201,0.16034985422740525,0.05254237288135593,0.06111111111111111,0.04878048780487805,1.2527777777777778,24,0.4166666666666667,0.0,0.07272727272727272,0.2963636363636364,0.8981818181818182,0.12363636363636364,0.2885521044611954,0.22727272727272724,0.8365817091454273,0.9723032069970845,0.08309037900874636,0.07804911067494279,0.09416838454805733,0.014309453862634573
pi05_spatial_500,p3,True,60,60,642,0.30218068535825543,0.14797507788161993,0.04869565217391304,0.09523809523809523,0.025906735751295335,3.676190476190476,27,0.6666666666666666,,0.06666666666666667,,,,0.3041747604247604,,0.841692789968652,0.9937694704049844,0.024922118380062305,0.084675375028627,0.10055095293879153,0.015343597624450922
