cell,cohort,scope,n,inactive,ok,slow_confirmed,slow_ambiguous,inactive_rate,ok_rate,slow_confirmed_rate,slow_ambiguous_rate
pi05_l10_50,A,all_anchors,2055,120,1242,384,309,0.058394160583941604,0.6043795620437956,0.18686131386861313,0.15036496350364964
pi05_l10_50,A,noprog_flagged,560,6,120,291,143,0.010714285714285714,0.21428571428571427,0.5196428571428572,0.25535714285714284
pi05_l10_50,B,all_anchors,1784,120,1218,246,200,0.06726457399103139,0.6827354260089686,0.13789237668161436,0.11210762331838565
pi05_l10_50,B,noprog_flagged,361,6,123,169,63,0.01662049861495845,0.3407202216066482,0.46814404432132967,0.1745152354570637
pi05_l10_500,A,all_anchors,1657,126,1394,89,48,0.07604103802051901,0.8412794206397103,0.05371152685576343,0.02896801448400724
pi05_l10_500,A,noprog_flagged,261,0,190,61,10,0.0,0.7279693486590039,0.23371647509578544,0.038314176245210725
pi05_l10_500,B,all_anchors,1664,126,1348,118,72,0.07572115384615384,0.8100961538461539,0.07091346153846154,0.04326923076923077
pi05_l10_500,B,noprog_flagged,285,0,186,72,27,0.0,0.6526315789473685,0.25263157894736843,0.09473684210526316
pi05_sp_50,A,all_anchors,813,120,452,129,112,0.14760147601476015,0.5559655596555966,0.15867158671586715,0.13776137761377613
pi05_sp_50,A,noprog_flagged,179,1,19,111,48,0.00558659217877095,0.10614525139664804,0.6201117318435754,0.2681564245810056
pi05_sp_50,B,all_anchors,761,120,467,92,82,0.15768725361366623,0.6136662286465178,0.12089356110381078,0.10775295663600526
pi05_sp_50,B,noprog_flagged,127,1,21,68,37,0.007874015748031496,0.16535433070866143,0.5354330708661418,0.29133858267716534
pi05_sp_500,A,all_anchors,686,120,510,49,7,0.1749271137026239,0.7434402332361516,0.07142857142857142,0.01020408163265306
pi05_sp_500,A,noprog_flagged,58,0,19,35,4,0.0,0.3275862068965517,0.603448275862069,0.06896551724137931
pi05_sp_500,B,all_anchors,675,120,515,37,3,0.17777777777777778,0.762962962962963,0.054814814814814816,0.0044444444444444444
pi05_sp_500,B,noprog_flagged,46,0,21,24,1,0.0,0.45652173913043476,0.5217391304347826,0.021739130434782608
groot_l10_50,A,all_anchors,2234,120,943,895,276,0.05371530886302596,0.42211280214861235,0.40062667860340195,0.12354521038495972
groot_l10_50,A,noprog_flagged,1005,10,205,671,119,0.009950248756218905,0.20398009950248755,0.6676616915422886,0.11840796019900497
groot_l10_50,B,all_anchors,2155,120,1118,581,336,0.05568445475638051,0.5187935034802784,0.2696055684454756,0.15591647331786543
groot_l10_50,B,noprog_flagged,802,10,254,378,160,0.012468827930174564,0.3167082294264339,0.4713216957605985,0.19950124688279303
groot_l10_500,A,all_anchors,1862,126,1184,356,196,0.06766917293233082,0.635875402792696,0.19119226638023631,0.10526315789473684
groot_l10_500,A,noprog_flagged,555,7,258,209,81,0.012612612612612612,0.4648648648648649,0.37657657657657656,0.14594594594594595
groot_l10_500,B,all_anchors,1721,126,1211,241,143,0.07321324811156305,0.7036606624055781,0.1400348634514817,0.0830912260313771
groot_l10_500,B,noprog_flagged,446,6,243,137,60,0.013452914798206279,0.5448430493273543,0.3071748878923767,0.13452914798206278
groot_sp_50,A,all_anchors,706,120,468,59,59,0.16997167138810199,0.6628895184135978,0.08356940509915015,0.08356940509915015
groot_sp_50,A,noprog_flagged,63,0,10,43,10,0.0,0.15873015873015872,0.6825396825396826,0.15873015873015872
groot_sp_50,B,all_anchors,687,120,470,41,56,0.17467248908296942,0.6841339155749636,0.05967976710334789,0.08151382823871907
groot_sp_50,B,noprog_flagged,40,0,9,25,6,0.0,0.225,0.625,0.15
groot_sp_500,A,all_anchors,678,120,524,21,13,0.17699115044247787,0.7728613569321534,0.030973451327433628,0.019174041297935103
groot_sp_500,A,noprog_flagged,71,3,46,17,5,0.04225352112676056,0.647887323943662,0.23943661971830985,0.07042253521126761
groot_sp_500,B,all_anchors,698,120,517,49,12,0.17191977077363896,0.7406876790830945,0.07020057306590258,0.017191977077363897
groot_sp_500,B,noprog_flagged,81,3,42,34,2,0.037037037037037035,0.5185185185185185,0.41975308641975306,0.024691358024691357
