cell,implementation,anchors,cpu_median_ms,cpu_p99_ms,wall_median_ms,wall_p99_ms
groot_l10_50,reference,4389,0.767457,0.95050752,0.764341,0.9460411199999998
groot_l10_50,fast,4389,0.38287299999999996,0.5758046799999996,0.379629,0.5730489599999997
groot_l10_500,reference,3583,5.373261,6.362135239999999,5.370012,6.359102039999998
groot_l10_500,fast,3583,0.8774919999999999,1.8960959999999987,0.87414,1.8878266399999974
groot_sp_50,reference,1393,0.6575700000000001,0.7380035599999999,0.6549550000000001,0.7354527999999999
groot_sp_50,fast,1393,0.342837,0.4831421599999998,0.340066,0.4802848399999998
groot_sp_500,reference,1376,4.795136500000001,5.3132865,4.7924809999999995,5.310417500000001
groot_sp_500,fast,1376,0.5693635,1.123337,0.5661185000000001,1.1204765
pi05_l10_50,reference,3839,0.7807029999999999,0.9309621799999999,0.777818,0.9307353799999999
pi05_l10_50,fast,3839,0.38556799999999997,0.5842975599999995,0.382483,0.5835056999999999
pi05_l10_500,reference,3321,5.33502,6.828412200000002,5.33296,6.825369600000001
pi05_l10_500,fast,3321,0.888475,1.9773246000000004,0.885171,1.9744422000000006
pi05_sp_50,reference,1574,0.643338,0.74538226,0.6408165,0.7447528
pi05_sp_50,fast,1574,0.33979750000000003,0.4937370399999999,0.336865,0.49107991
pi05_sp_500,reference,1361,5.050209,5.4853114000000005,5.047372,5.492143200000001
pi05_sp_500,fast,1361,0.625188,1.3280854000000006,0.620758,1.3247592000000006
