cell,input,anchors,observe_cpu_ms_median,observe_wall_ms_median,incremental_controller_cpu_ms_median,incremental_controller_wall_ms_median,full_controller_cpu_ms_median,full_controller_wall_ms_median,capture_overhead_cpu_ms_median,observe_cpu_ms_p99,observe_wall_ms_p99,incremental_controller_cpu_ms_p99,incremental_controller_wall_ms_p99,full_controller_cpu_ms_p99,full_controller_wall_ms_p99,capture_overhead_cpu_ms_p99
groot_l10_50,raw,380,1.284769,1.2810715,1.376874,1.3768305,2.813965,2.810637,0.0,1.9119487599999985,1.9088606299999984,2.0023068399999984,2.0024612699999986,3.6883852899999967,3.6848514199999967,0.0
groot_l10_50,code,380,0.4227195,0.4198675,0.5597145,0.56116,1.8467175,1.8438015,0.034516,0.8130999199999998,0.8101324599999997,0.95112182,0.95381743,2.22722804,2.2242638599999998,0.05806911999999994
groot_l10_500,raw,295,1.809234,1.804485,1.907165,1.907757,3.601686,3.598893,0.0,4.65662206,4.6534835,4.80109372,4.801167700000001,6.815189420000001,6.812319580000001,0.0
groot_l10_500,code,295,0.861099,0.857998,1.008846,1.009788,2.68596,2.683031,0.034935,3.703425980000001,3.7002447600000004,3.839946760000001,3.8411379000000005,5.442761440000001,5.43993666,0.07557874000000002
groot_sp_50,raw,137,1.104409,1.101413,1.180826,1.181176,2.488966,2.486054,0.0,1.6484556399999974,1.6453170399999975,1.7568857999999976,1.7561538399999976,3.5898258799999976,3.5870553599999973,0.0
groot_sp_50,code,137,0.383206,0.380481,0.516457,0.517207,1.814661,1.811829,0.033992,0.7629661999999999,0.7598386799999999,0.90126032,0.90104544,2.2366899599999996,2.2332992,0.05521255999999997
groot_sp_500,raw,123,1.43697,1.434124,1.52383,1.524581,3.046279,3.043522,0.0,2.8170541,2.8140092800000005,2.92228482,2.92250566,4.4978826,4.493916,0.0
groot_sp_500,code,123,0.597132,0.594084,0.735458,0.736408,2.130082,2.127388,0.034601,1.9878538200000002,1.9846563400000001,2.13064824,2.12872372,3.47401718,3.46737026,0.0694278
pi05_l10_50,raw,357,1.281567,1.279409,1.371435,1.373838,2.795777,2.791832,0.0,1.90995648,1.9067782,1.9950375599999999,1.9955547999999999,3.64008396,3.63958408,0.0
pi05_l10_50,code,357,0.423162,0.419206,0.554956,0.556337,1.863995,1.862284,0.033636,0.82728024,0.82428324,0.9554154399999999,0.9560403199999998,2.3287021599999997,2.32587492,0.061351239999999994
pi05_l10_500,raw,279,1.810648,1.807404,1.913925,1.914207,3.609611,3.613403,0.0,3.8379654599999986,3.8346887799999987,3.952289659999999,3.952171239999999,5.99827732,5.9951228599999995,0.0
pi05_l10_500,code,279,0.848205,0.844741,0.985572,0.986463,2.429728,2.427018,0.034799,2.674838939999999,2.671821959999999,2.8243150599999987,2.829261499999998,4.304263439999999,4.301561739999999,0.06001273999999998
pi05_sp_50,raw,159,1.201911,1.198732,1.29887,1.299121,2.662785,2.659847,0.0,1.6731895199999995,1.6677130399999998,1.7716453799999994,1.7718776199999995,3.4578258599999967,3.4546739199999967,0.0
pi05_sp_50,code,159,0.388519,0.385262,0.524312,0.526695,1.83382,1.830849,0.034357,0.7411728999999998,0.7381446799999998,0.8947817599999995,0.9015685199999993,2.21415032,2.20920806,0.058291199999999974
pi05_sp_500,raw,137,1.526068,1.523222,1.623,1.623634,3.104685,3.10186,0.0,2.918794559999998,2.915340239999998,3.0298203599999978,3.030409159999998,4.889950839999998,4.876592239999998,0.0
pi05_sp_500,code,137,0.609671,0.606343,0.744757,0.745606,2.099286,2.09571,0.034172,1.9303395199999993,1.9274819599999993,2.061208199999999,2.062493439999999,3.4206629599999983,3.4178952399999982,0.06451636
