id,status,N,V,M,L,owner_IR,owner_IR_full_camera_counterfactual,stock_ledger_IR,owner_IR_from_camera_counts,owner_IR_logged_minus_counted,owner_IR_source,owner_IR_equal_episode_mean,owner_IR_components,cost_assumption,ledger_minus_client_decisions
r07_main/r7_pi05_l10_50_SF1,complete,34406,14613,0,5.0,0.06455780968435738,0.06455780968435738,0.06029333693353913,,,,0.06344828469866048,"{""blind"": 0.0, ""calls"": 0.0, ""completion"": 0.0, ""full_looks"": 0.06455780968435745, ""wrist_looks"": 0.0}",,0
r07_main/r7_pi05_l10_50_UF1,complete,35540,13390,0,5.0,0.057267304445694986,0.057267304445694986,0.05348441806036812,,,,0.056235236841018124,"{""blind"": 0.0, ""calls"": 0.0, ""completion"": 0.0, ""full_looks"": 0.05726730444569504, ""wrist_looks"": 0.0}",,0
r07_main/r7_sw_pi05_l10_50,complete,33584,16874,0,5.0,0.06160179109099571,0.07637112910909957,0.05753263278549444,0.06160179109099571,0.0,sum of accepted per-decision owner_cost / nominal five-control blocks,0.05966674417834709,"{""blind"": 0.0, ""calls"": 0.0, ""completion"": 0.0, ""full_looks"": 0.05318008575512158, ""wrist_looks"": 0.008421705335874195}","R4 proportional-latency assumption: wrist .055198, completion .049890",0
r07_main/r7_pi05_l10_50_CU30,complete,29260,15198,7651,5.0,0.30068844839371156,0.30068844839371156,0.29809868449442944,,,,0.3008431511338464,"{""blind"": 0.0, ""calls"": 0.22173779904306276, ""completion"": 0.0, ""full_looks"": 0.07895064935064953, ""wrist_looks"": 0.0}",,0
r07_main/r7_pi05_l10_50_CT30,complete,29311,15152,7932,5.0,0.30805636109310497,0.30805636109310497,0.3055831185604254,,,,0.3072151867907655,"{""blind"": 0.0, ""calls"": 0.22948162805772618, ""completion"": 0.0, ""full_looks"": 0.07857473303537948, ""wrist_looks"": 0.0}",,0
r07_main/r7_pi05_l10_500_SF1,complete,29668,13456,0,5.0,0.06894000269650802,0.06894000269650802,0.0643860569480693,,,,0.06774039011129841,"{""blind"": 0.0, ""calls"": 0.0, ""completion"": 0.0, ""full_looks"": 0.06894000269650807, ""wrist_looks"": 0.0}",,0
r07_main/r7_pi05_l10_500_UF1,complete,30844,10805,0,5.0,0.05324730903903515,0.05324730903903515,0.04972997009024513,,,,0.053152108772049594,"{""blind"": 0.0, ""calls"": 0.0, ""completion"": 0.0, ""full_looks"": 0.05324730903903528, ""wrist_looks"": 0.0}",,0
r07_main/r7_sw_pi05_l10_500,complete,29504,14857,0,5.0,0.06637647112255965,0.07654094360086768,0.06199189792832897,0.06637647112255965,0.0,sum of accepted per-decision owner_cost / nominal five-control blocks,0.06498495344735657,"{""blind"": 0.0, ""calls"": 0.0, ""completion"": 0.0, ""full_looks"": 0.0605805314533623, ""wrist_looks"": 0.005795939669197385}","R4 proportional-latency assumption: wrist .055198, completion .049890",0
r07_main/r7_pi05_spatial_50_SF1,complete,12802,5514,0,5.0,0.06546852054366505,0.06546852054366505,0.06114388928278613,,,,0.06442721060780769,"{""blind"": 0.0, ""calls"": 0.0, ""completion"": 0.0, ""full_looks"": 0.06546852054366525, ""wrist_looks"": 0.0}",,0
r07_main/r7_pi05_spatial_50_UF1,complete,12997,5150,0,5.0,0.060229283680849434,0.060229283680849434,0.056250738864752306,,,,0.05893913183752958,"{""blind"": 0.0, ""calls"": 0.0, ""completion"": 0.0, ""full_looks"": 0.06022928368084966, ""wrist_looks"": 0.0}",,0
r07_main/r7_sw_pi05_sp_50,complete,12577,6400,0,5.0,0.06253899594497893,0.07734753915878191,0.05840792915691125,0.06253899594497893,0.0,sum of accepted per-decision owner_cost / nominal five-control blocks,0.06195914064419739,"{""blind"": 0.0, ""calls"": 0.0, ""completion"": 0.0, ""full_looks"": 0.05409493519917309, ""wrist_looks"": 0.008444060745805797}","R4 proportional-latency assumption: wrist .055198, completion .049890",0
r07_main/r7_pi05_spatial_50_CU30,complete,11120,5827,2854,5.0,0.29729280575539563,0.29729280575539563,0.2946083869882635,,,,0.29652744464928305,"{""blind"": 0.0, ""calls"": 0.21764316546762638, ""completion"": 0.0, ""full_looks"": 0.07964964028776962, ""wrist_looks"": 0.0}",,0
r07_main/r7_pi05_spatial_50_CT30,complete,10887,5686,2676,5.0,0.28782217323413245,0.28782217323413245,0.2850461799118359,,,,0.2865582412845875,"{""blind"": 0.0, ""calls"": 0.20843648387985692, ""completion"": 0.0, ""full_looks"": 0.07938568935427552, ""wrist_looks"": 0.0}",,0
r07_main/r7_pi05_spatial_500_SF1,complete,10691,4247,0,5.0,0.060382003554391536,0.060382003554391536,0.056393370574795494,,,,0.06029889985272254,"{""blind"": 0.0, ""calls"": 0.0, ""completion"": 0.0, ""full_looks"": 0.060382003554391814, ""wrist_looks"": 0.0}",,0
r07_main/r7_pi05_spatial_500_UF1,complete,10844,3965,0,5.0,0.05557727775728514,0.05557727775728514,0.05190602887633019,,,,0.05547052165676693,"{""blind"": 0.0, ""calls"": 0.0, ""completion"": 0.0, ""full_looks"": 0.055577277757285395, ""wrist_looks"": 0.0}",,0
r07_main/r7_sw_pi05_sp_500,complete,10516,5405,0,5.0,0.05569166279954354,0.07812476226702167,0.05201293359776733,0.05569166279954354,0.0,sum of accepted per-decision owner_cost / nominal five-control blocks,0.05616649837867115,"{""blind"": 0.0, ""calls"": 0.0, ""completion"": 0.0, ""full_looks"": 0.04289996196272339, ""wrist_looks"": 0.012791700836820043}","R4 proportional-latency assumption: wrist .055198, completion .049890",0
r07_main/r7_groot_l10_50_SF1,complete,36535,16174,0,5.0,0.06551941973450116,0.06551941973450116,0.05641737498531341,,,,0.06424375099820276,"{""blind"": 0.0, ""calls"": 0.0, ""completion"": 0.0, ""full_looks"": 0.06551941973450105, ""wrist_looks"": 0.0}",,0
r07_main/r7_groot_l10_50_UF1,complete,36373,13516,0,5.0,0.05499595854067577,0.05499595854067577,0.047355846987640865,,,,0.054240179735380666,"{""blind"": 0.0, ""calls"": 0.0, ""completion"": 0.0, ""full_looks"": 0.05499595854067585, ""wrist_looks"": 0.0}",,0
r07_main/r7_groot_l10_50_CU30,complete,32194,16757,8459,5.0,0.30089780704479097,0.30089780704479097,0.29559837740999306,,,,0.3017893490468091,"{""blind"": 0.0, ""calls"": 0.2238637013108034, ""completion"": 0.0, ""full_looks"": 0.07703410573398763, ""wrist_looks"": 0.0}",,0
r07_main/r7_groot_l10_50_CT30,complete,30211,15667,7890,5.0,0.2992617258614412,0.2992617258614412,0.29396902148349136,,,,0.2981916917342071,"{""blind"": 0.0, ""calls"": 0.22251100592499445, ""completion"": 0.0, ""full_looks"": 0.07675071993644689, ""wrist_looks"": 0.0}",,0
r07_main/r7_groot_l10_500_SF1,complete,29440,13606,0,5.0,0.06839972826086956,0.06839972826086956,0.058897547228352255,,,,0.0669536833810622,"{""blind"": 0.0, ""calls"": 0.0, ""completion"": 0.0, ""full_looks"": 0.0683997282608694, ""wrist_looks"": 0.0}",,0
r07_main/r7_groot_l10_500_UF1,complete,30080,10599,0,5.0,0.05214933510638298,0.05214933510638298,0.044904680258978445,,,,0.05190873811354743,"{""blind"": 0.0, ""calls"": 0.0, ""completion"": 0.0, ""full_looks"": 0.05214933510638313, ""wrist_looks"": 0.0}",,0
r07_main/r7_groot_spatial_50_SF1,complete,12940,5540,0,5.0,0.06336321483771253,0.06336321483771253,0.056919864544714434,,,,0.06253200628986982,"{""blind"": 0.0, ""calls"": 0.0, ""completion"": 0.0, ""full_looks"": 0.06336321483771254, ""wrist_looks"": 0.0}",,0
r07_main/r7_groot_spatial_50_UF1,complete,12754,5036,0,5.0,0.058438764309236314,0.058438764309236314,0.05249617711414573,,,,0.05724808379518169,"{""blind"": 0.0, ""calls"": 0.0, ""completion"": 0.0, ""full_looks"": 0.05843876430923639, ""wrist_looks"": 0.0}",,0
r07_main/r7_groot_spatial_50_CU30,complete,11494,5998,3022,5.0,0.30123960327127197,0.30123960327127197,0.2973428941499663,,,,0.30099608940332834,"{""blind"": 0.0, ""calls"": 0.2240076561684356, ""completion"": 0.0, ""full_looks"": 0.0772319471028361, ""wrist_looks"": 0.0}",,0
r07_main/r7_groot_spatial_50_CT30,complete,11452,5966,3092,5.0,0.30713866573524273,0.30713866573524273,0.30336171188356,,,,0.3064216616050905,"{""blind"": 0.0, ""calls"": 0.23003702410059373, ""completion"": 0.0, ""full_looks"": 0.07710164163464883, ""wrist_looks"": 0.0}",,0
r07_main/r7_groot_spatial_500_SF1,complete,11101,4810,0,5.0,0.06412755607602919,0.06412755607602919,0.057606480586251355,,,,0.06403098338369317,"{""blind"": 0.0, ""calls"": 0.0, ""completion"": 0.0, ""full_looks"": 0.06412755607602945, ""wrist_looks"": 0.0}",,0
r07_main/r7_groot_spatial_500_UF1,complete,11153,4081,0,5.0,0.05415475656773962,0.05415475656773962,0.048647806399701364,,,,0.053868538298680824,"{""blind"": 0.0, ""calls"": 0.0, ""completion"": 0.0, ""full_looks"": 0.05415475656773964, ""wrist_looks"": 0.0}",,0
