cell,variant,reference,status,delta_SR,delta_SR_lo,delta_SR_hi,delta_owner_IR,exact
pi05_l10_50,SF1,A,complete,-0.029999999999999992,-0.06399999999999999,0.0033333333333333427,-0.011838021406654242,
pi05_l10_50,SF1,B,complete,-0.1433333333333333,-0.17933333333333332,-0.10866666666666665,-0.11615699511466616,
pi05_l10_50,SF1,L10,complete,-0.22,-0.262,-0.18,-0.43544219031564263,"{""alpha"": 0.05, ""cp_lower95"": -0.2823168964980878, ""delta_SR"": -0.22, ""interpretation"": ""nominal CP bound only; no certified or simultaneous NI claim"", ""losses"": 144, ""mcnemar_two_sided_exact_p"": 2.5863049795330724e-17, ""n"": 500, ""ni_margin"": 0.02, ""nominal_NI"": false, ""wins"": 34}"
pi05_l10_50,SF1,L5,complete,-0.16666666666666666,-0.20533333333333328,-0.12866666666666662,-0.9354421903156426,
pi05_l10_50,SF1,UF1,complete,0.036,-0.002,0.074,0.007290505238662398,"{""alpha"": 0.05, ""cp_lower95"": -0.018547265938176002, ""delta_SR"": 0.036, ""interpretation"": ""nominal CP bound only; no certified or simultaneous NI claim"", ""losses"": 41, ""mcnemar_two_sided_exact_p"": 0.08862608011406758, ""n"": 500, ""ni_margin"": 0.02, ""nominal_NI"": true, ""wins"": 59}"
pi05_l10_50,UF1,A,complete,-0.06599999999999999,-0.10199999999999997,-0.02999999999999999,-0.01912852664531664,
pi05_l10_50,UF1,B,complete,-0.17933333333333332,-0.21799999999999997,-0.14,-0.12344750035332856,
pi05_l10_50,UF1,L10,complete,-0.256,-0.296,-0.214,-0.442732695554305,"{""alpha"": 0.05, ""cp_lower95"": -0.3162698985229818, ""delta_SR"": -0.256, ""interpretation"": ""nominal CP bound only; no certified or simultaneous NI claim"", ""losses"": 154, ""mcnemar_two_sided_exact_p"": 2.523658862428156e-23, ""n"": 500, ""ni_margin"": 0.02, ""nominal_NI"": false, ""wins"": 26}"
pi05_l10_50,UF1,L5,complete,-0.20266666666666666,-0.24199999999999997,-0.1613333333333333,-0.9427326955543051,
pi05_l10_50,SW,A,complete,-0.009999999999999993,-0.04466666666666665,0.024666666666666677,-0.01479404000001592,
pi05_l10_50,SW,B,complete,-0.12333333333333331,-0.15866666666666665,-0.08799999999999998,-0.11911301370802785,
pi05_l10_50,SW,L10,complete,-0.2,-0.24,-0.16,-0.43839820890900427,"{""alpha"": 0.05, ""cp_lower95"": -0.2607762216863538, ""delta_SR"": -0.2, ""interpretation"": ""nominal CP bound only; no certified or simultaneous NI claim"", ""losses"": 132, ""mcnemar_two_sided_exact_p"": 1.2535526556506857e-15, ""n"": 500, ""ni_margin"": 0.02, ""nominal_NI"": false, ""wins"": 32}"
pi05_l10_50,SW,L5,complete,-0.14666666666666667,-0.18533333333333332,-0.10733333333333336,-0.9383982089090043,
pi05_l10_50,CU30,A,complete,0.15,0.11133333333333335,0.18733333333333338,0.22429261730269995,
pi05_l10_50,CU30,B,complete,0.03666666666666669,0.0026666666666666787,0.07000000000000002,0.11997364359468801,
pi05_l10_50,CU30,L10,complete,-0.04,-0.078,-0.004,-0.19931155160628844,"{""alpha"": 0.05, ""cp_lower95"": -0.09203418956656476, ""delta_SR"": -0.04, ""interpretation"": ""nominal CP bound only; no certified or simultaneous NI claim"", ""losses"": 56, ""mcnemar_two_sided_exact_p"": 0.047011561644854, ""n"": 500, ""ni_margin"": 0.02, ""nominal_NI"": false, ""wins"": 36}"
pi05_l10_50,CU30,L5,complete,0.01333333333333335,-0.018666666666666658,0.04466666666666669,-0.6993115516062884,
pi05_l10_50,CU30,R6_U30,complete,-0.014,-0.048,0.02,-0.0005163271421398385,"{""alpha"": 0.05, ""cp_lower95"": -0.062050696478307965, ""delta_SR"": -0.014, ""interpretation"": ""nominal CP bound only; no certified or simultaneous NI claim"", ""losses"": 41, ""mcnemar_two_sided_exact_p"": 0.48868297090314333, ""n"": 500, ""ni_margin"": 0.02, ""nominal_NI"": false, ""wins"": 34}"
pi05_l10_50,CU30,R6_C30,complete,-0.004,-0.042,0.032,0.00011615613305404615,"{""alpha"": 0.05, ""cp_lower95"": -0.05663359913499155, ""delta_SR"": -0.004, ""interpretation"": ""nominal CP bound only; no certified or simultaneous NI claim"", ""losses"": 47, ""mcnemar_two_sided_exact_p"": 0.917040519652471, ""n"": 500, ""ni_margin"": 0.02, ""nominal_NI"": false, ""wins"": 45}"
pi05_l10_50,CT30,A,complete,0.14,0.0986666666666667,0.182,0.23166053000209336,
pi05_l10_50,CT30,B,complete,0.02666666666666668,-0.008666666666666656,0.06333333333333334,0.12734155629408142,
pi05_l10_50,CT30,L10,complete,-0.05,-0.088,-0.012,-0.19194363890689503,"{""alpha"": 0.05, ""cp_lower95"": -0.10349413710237726, ""delta_SR"": -0.05, ""interpretation"": ""nominal CP bound only; no certified or simultaneous NI claim"", ""losses"": 62, ""mcnemar_two_sided_exact_p"": 0.015432364507309008, ""n"": 500, ""ni_margin"": 0.02, ""nominal_NI"": false, ""wins"": 37}"
pi05_l10_50,CT30,L5,complete,0.0033333333333333435,-0.028683333333333314,0.03533333333333334,-0.691943638906895,
pi05_l10_50,CT30,CU30,complete,-0.01,-0.044,0.026,0.0073679126993934085,"{""alpha"": 0.05, ""cp_lower95"": -0.06080680174850769, ""delta_SR"": -0.01, ""interpretation"": ""nominal CP bound only; no certified or simultaneous NI claim"", ""losses"": 45, ""mcnemar_two_sided_exact_p"": 0.6646454904132143, ""n"": 500, ""ni_margin"": 0.02, ""nominal_NI"": false, ""wins"": 40}"
pi05_l10_50,CT30,R6_U30,complete,-0.024,-0.06,0.014,0.00685158555725357,"{""alpha"": 0.05, ""cp_lower95"": -0.07485343413689505, ""delta_SR"": -0.024, ""interpretation"": ""nominal CP bound only; no certified or simultaneous NI claim"", ""losses"": 49, ""mcnemar_two_sided_exact_p"": 0.23537986221105522, ""n"": 500, ""ni_margin"": 0.02, ""nominal_NI"": false, ""wins"": 37}"
pi05_l10_50,CT30,R6_C30,complete,-0.014,-0.054,0.024,0.007484068832447455,"{""alpha"": 0.05, ""cp_lower95"": -0.06867413455015639, ""delta_SR"": -0.014, ""interpretation"": ""nominal CP bound only; no certified or simultaneous NI claim"", ""losses"": 54, ""mcnemar_two_sided_exact_p"": 0.5507089135982718, ""n"": 500, ""ni_margin"": 0.02, ""nominal_NI"": false, ""wins"": 47}"
pi05_l10_500,SF1,A,complete,0.0066666666666666706,-0.01733333333333333,0.030666666666666672,-0.007574951083803058,
pi05_l10_500,SF1,B,complete,-0.04466666666666666,-0.07266666666666667,-0.017333333333333326,-0.08986402631570348,
pi05_l10_500,SF1,L10,complete,-0.07,-0.106,-0.034,-0.431059997303492,"{""alpha"": 0.05, ""cp_lower95"": -0.12284571266710817, ""delta_SR"": -0.07, ""interpretation"": ""nominal CP bound only; no certified or simultaneous NI claim"", ""losses"": 67, ""mcnemar_two_sided_exact_p"": 0.000562208248357049, ""n"": 500, ""ni_margin"": 0.02, ""nominal_NI"": false, ""wins"": 32}"
pi05_l10_500,SF1,L5,complete,-0.01666666666666665,-0.049999999999999975,0.016666666666666687,-0.931059997303492,
pi05_l10_500,SF1,UF1,complete,0.044,0.014,0.076,0.01569269365747287,"{""alpha"": 0.05, ""cp_lower95"": -0.0011925427825364293, ""delta_SR"": 0.044, ""interpretation"": ""nominal CP bound only; no certified or simultaneous NI claim"", ""losses"": 22, ""mcnemar_two_sided_exact_p"": 0.00921048969455458, ""n"": 500, ""ni_margin"": 0.02, ""nominal_NI"": true, ""wins"": 44}"
pi05_l10_500,UF1,A,complete,-0.03733333333333333,-0.06933333333333333,-0.005999999999999993,-0.023267644741275927,
pi05_l10_500,UF1,B,complete,-0.08866666666666666,-0.11866666666666666,-0.05866666666666666,-0.10555671997317634,
pi05_l10_500,UF1,L10,complete,-0.114,-0.15404999999999996,-0.074,-0.44675269096096487,"{""alpha"": 0.05, ""cp_lower95"": -0.1706730123264932, ""delta_SR"": -0.114, ""interpretation"": ""nominal CP bound only; no certified or simultaneous NI claim"", ""losses"": 90, ""mcnemar_two_sided_exact_p"": 2.744658521632981e-07, ""n"": 500, ""ni_margin"": 0.02, ""nominal_NI"": false, ""wins"": 33}"
pi05_l10_500,UF1,L5,complete,-0.06066666666666666,-0.096,-0.025999999999999978,-0.9467526909609648,
pi05_l10_500,SW,A,complete,0.018666666666666675,-0.009333333333333329,0.04666666666666667,-0.010138482657751427,
pi05_l10_500,SW,B,complete,-0.032666666666666656,-0.06199999999999999,-0.003999999999999993,-0.09242755788965185,
pi05_l10_500,SW,L10,complete,-0.058,-0.094,-0.022,-0.4336235288774404,"{""alpha"": 0.05, ""cp_lower95"": -0.11026588854078476, ""delta_SR"": -0.058, ""interpretation"": ""nominal CP bound only; no certified or simultaneous NI claim"", ""losses"": 62, ""mcnemar_two_sided_exact_p"": 0.00383287238487556, ""n"": 500, ""ni_margin"": 0.02, ""nominal_NI"": false, ""wins"": 33}"
pi05_l10_500,SW,L5,complete,-0.004666666666666646,-0.03599999999999998,0.026666666666666675,-0.9336235288774404,
pi05_spatial_50,SF1,A,complete,-0.042666666666666665,-0.07133333333333333,-0.013999999999999997,-0.012056449969197039,
pi05_spatial_50,SF1,B,complete,-0.11599999999999999,-0.14533333333333331,-0.08733333333333335,-0.0749540105396518,
pi05_spatial_50,SF1,L10,complete,-0.192,-0.226,-0.158,-0.43453147945633497,"{""alpha"": 0.05, ""cp_lower95"": -0.2376100055043777, ""delta_SR"": -0.192, ""interpretation"": ""nominal CP bound only; no certified or simultaneous NI claim"", ""losses"": 102, ""mcnemar_two_sided_exact_p"": 1.2514492494239994e-23, ""n"": 500, ""ni_margin"": 0.02, ""nominal_NI"": false, ""wins"": 6}"
pi05_spatial_50,SF1,L5,complete,-0.19666666666666663,-0.22999999999999998,-0.16466666666666666,-0.934531479456335,
pi05_spatial_50,SF1,UF1,complete,0.014,-0.014,0.042,0.005239236862815612,"{""alpha"": 0.05, ""cp_lower95"": -0.027381246118460996, ""delta_SR"": 0.014, ""interpretation"": ""nominal CP bound only; no certified or simultaneous NI claim"", ""losses"": 23, ""mcnemar_two_sided_exact_p"": 0.4101027163746913, ""n"": 500, ""ni_margin"": 0.02, ""nominal_NI"": false, ""wins"": 30}"
pi05_spatial_50,UF1,A,complete,-0.05666666666666666,-0.086,-0.027999999999999994,-0.01729568683201265,
pi05_spatial_50,UF1,B,complete,-0.13,-0.15933333333333335,-0.10066666666666665,-0.08019324740246742,
pi05_spatial_50,UF1,L10,complete,-0.206,-0.242,-0.17,-0.43977071631915055,"{""alpha"": 0.05, ""cp_lower95"": -0.2532649717670592, ""delta_SR"": -0.206, ""interpretation"": ""nominal CP bound only; no certified or simultaneous NI claim"", ""losses"": 110, ""mcnemar_two_sided_exact_p"": 6.367310544014082e-25, ""n"": 500, ""ni_margin"": 0.02, ""nominal_NI"": false, ""wins"": 7}"
pi05_spatial_50,UF1,L5,complete,-0.21066666666666664,-0.24401666666666666,-0.178,-0.9397707163191505,
pi05_spatial_50,SW,A,complete,-0.012666666666666661,-0.041333333333333326,0.016000000000000004,-0.014985974567883156,
pi05_spatial_50,SW,B,complete,-0.08599999999999998,-0.11333333333333333,-0.05933333333333332,-0.07788353513833791,
pi05_spatial_50,SW,L10,complete,-0.162,-0.194,-0.132,-0.4374610040550211,"{""alpha"": 0.05, ""cp_lower95"": -0.2057146617232191, ""delta_SR"": -0.162, ""interpretation"": ""nominal CP bound only; no certified or simultaneous NI claim"", ""losses"": 87, ""mcnemar_two_sided_exact_p"": 1.6504649136152465e-19, ""n"": 500, ""ni_margin"": 0.02, ""nominal_NI"": false, ""wins"": 6}"
pi05_spatial_50,SW,L5,complete,-0.16666666666666666,-0.196,-0.13866666666666666,-0.9374610040550211,
pi05_spatial_50,CU30,A,complete,0.10933333333333334,0.07933333333333335,0.14,0.21976783524253354,
pi05_spatial_50,CU30,B,complete,0.036,0.010666666666666672,0.06066666666666668,0.15687027467207879,
pi05_spatial_50,CU30,L10,complete,-0.04,-0.064,-0.018,-0.20270719424460437,"{""alpha"": 0.05, ""cp_lower95"": -0.07195070742461272, ""delta_SR"": -0.04, ""interpretation"": ""nominal CP bound only; no certified or simultaneous NI claim"", ""losses"": 27, ""mcnemar_two_sided_exact_p"": 0.0008213953115046024, ""n"": 500, ""ni_margin"": 0.02, ""nominal_NI"": false, ""wins"": 7}"
pi05_spatial_50,CU30,L5,complete,-0.04466666666666666,-0.06533333333333333,-0.025999999999999995,-0.7027071942446044,
pi05_spatial_50,CU30,R6_U30,complete,0.006,-0.018,0.03,0.005633616110923612,"{""alpha"": 0.05, ""cp_lower95"": -0.029279038650531507, ""delta_SR"": 0.006, ""interpretation"": ""nominal CP bound only; no certified or simultaneous NI claim"", ""losses"": 17, ""mcnemar_two_sided_exact_p"": 0.7428293587290682, ""n"": 500, ""ni_margin"": 0.02, ""nominal_NI"": false, ""wins"": 20}"
pi05_spatial_50,CU30,R6_C30,complete,0.008,-0.016,0.032,0.008996509459099356,"{""alpha"": 0.05, ""cp_lower95"": -0.028523408916219326, ""delta_SR"": 0.008, ""interpretation"": ""nominal CP bound only; no certified or simultaneous NI claim"", ""losses"": 18, ""mcnemar_two_sided_exact_p"": 0.6358280026288412, ""n"": 500, ""ni_margin"": 0.02, ""nominal_NI"": false, ""wins"": 22}"
pi05_spatial_50,CT30,A,complete,0.12533333333333335,0.09666666666666666,0.15466666666666665,0.21029720272127037,
pi05_spatial_50,CT30,B,complete,0.052000000000000005,0.02733333333333334,0.07733333333333334,0.1473996421508156,
pi05_spatial_50,CT30,L10,complete,-0.024,-0.044,-0.004,-0.21217782676586755,"{""alpha"": 0.05, ""cp_lower95"": -0.05306052939290412, ""delta_SR"": -0.024, ""interpretation"": ""nominal CP bound only; no certified or simultaneous NI claim"", ""losses"": 19, ""mcnemar_two_sided_exact_p"": 0.028959274291992188, ""n"": 500, ""ni_margin"": 0.02, ""nominal_NI"": false, ""wins"": 7}"
pi05_spatial_50,CT30,L5,complete,-0.028666666666666663,-0.046666666666666655,-0.012,-0.7121778267658676,
pi05_spatial_50,CT30,CU30,complete,0.016,-0.006,0.04,-0.009470632521263178,"{""alpha"": 0.05, ""cp_lower95"": -0.017866860080726632, ""delta_SR"": 0.016, ""interpretation"": ""nominal CP bound only; no certified or simultaneous NI claim"", ""losses"": 13, ""mcnemar_two_sided_exact_p"": 0.22948101302608848, ""n"": 500, ""ni_margin"": 0.02, ""nominal_NI"": true, ""wins"": 21}"
pi05_spatial_50,CT30,R6_U30,complete,0.022,-0.002,0.046,-0.0038370164103395665,"{""alpha"": 0.05, ""cp_lower95"": -0.013918146842154103, ""delta_SR"": 0.022, ""interpretation"": ""nominal CP bound only; no certified or simultaneous NI claim"", ""losses"": 14, ""mcnemar_two_sided_exact_p"": 0.10812902140605729, ""n"": 500, ""ni_margin"": 0.02, ""nominal_NI"": true, ""wins"": 25}"
pi05_spatial_50,CT30,R6_C30,complete,0.024,0.002,0.048,-0.0004741230621638226,"{""alpha"": 0.05, ""cp_lower95"": -0.010554450006180879, ""delta_SR"": 0.024, ""interpretation"": ""nominal CP bound only; no certified or simultaneous NI claim"", ""losses"": 12, ""mcnemar_two_sided_exact_p"": 0.06524533522315323, ""n"": 500, ""ni_margin"": 0.02, ""nominal_NI"": true, ""wins"": 24}"
pi05_spatial_500,SF1,A,complete,-0.0019999999999999974,-0.016666666666666663,0.01266666666666667,-0.017728837501583383,
pi05_spatial_500,SF1,B,complete,-0.007999999999999998,-0.023333333333333327,0.006666666666666668,-0.05910838623684163,
pi05_spatial_500,SF1,L10,complete,-0.012,-0.03,0.004,-0.43961799644560845,"{""alpha"": 0.05, ""cp_lower95"": -0.03840367578654934, ""delta_SR"": -0.012, ""interpretation"": ""nominal CP bound only; no certified or simultaneous NI claim"", ""losses"": 13, ""mcnemar_two_sided_exact_p"": 0.26317596435546875, ""n"": 500, ""ni_margin"": 0.02, ""nominal_NI"": false, ""wins"": 7}"
pi05_spatial_500,SF1,L5,complete,-0.016666666666666663,-0.03133333333333333,-0.0033333333333333322,-0.9396179964456085,
pi05_spatial_500,SF1,UF1,complete,0.016,-0.004,0.036,0.0048047257971063975,"{""alpha"": 0.05, ""cp_lower95"": -0.01396509606233163, ""delta_SR"": 0.016, ""interpretation"": ""nominal CP bound only; no certified or simultaneous NI claim"", ""losses"": 9, ""mcnemar_two_sided_exact_p"": 0.16863754391670227, ""n"": 500, ""ni_margin"": 0.02, ""nominal_NI"": true, ""wins"": 17}"
pi05_spatial_500,UF1,A,complete,-0.018,-0.03533333333333333,-0.0013333333333333318,-0.02253356329868978,
pi05_spatial_500,UF1,B,complete,-0.024,-0.04266666666666666,-0.006666666666666666,-0.06391311203394803,
pi05_spatial_500,UF1,L10,complete,-0.028,-0.048,-0.01,-0.44442272224271484,"{""alpha"": 0.05, ""cp_lower95"": -0.056686437102443046, ""delta_SR"": -0.028, ""interpretation"": ""nominal CP bound only; no certified or simultaneous NI claim"", ""losses"": 20, ""mcnemar_two_sided_exact_p"": 0.009355306625366211, ""n"": 500, ""ni_margin"": 0.02, ""nominal_NI"": false, ""wins"": 6}"
pi05_spatial_500,UF1,L5,complete,-0.03266666666666666,-0.050666666666666665,-0.016,-0.9444227222427148,
pi05_spatial_500,SW,A,complete,0.0020000000000000018,-0.011333333333333332,0.015333333333333334,-0.02241917825643138,
pi05_spatial_500,SW,B,complete,-0.003999999999999999,-0.018,0.009333333333333334,-0.06379872699168962,
pi05_spatial_500,SW,L10,complete,-0.008,-0.024,0.008,-0.4443083372004565,"{""alpha"": 0.05, ""cp_lower95"": -0.03337578977448437, ""delta_SR"": -0.008, ""interpretation"": ""nominal CP bound only; no certified or simultaneous NI claim"", ""losses"": 11, ""mcnemar_two_sided_exact_p"": 0.480682373046875, ""n"": 500, ""ni_margin"": 0.02, ""nominal_NI"": false, ""wins"": 7}"
pi05_spatial_500,SW,L5,complete,-0.012666666666666666,-0.026666666666666665,1.6666666666426734e-05,-0.9443083372004565,
groot_l10_50,SF1,A,complete,-0.030666666666666665,-0.07,0.009333333333333336,-0.008756438916846437,
groot_l10_50,SF1,B,complete,-0.14466666666666664,-0.18666666666666665,-0.10133333333333333,-0.1556053551852904,
groot_l10_50,SF1,L10,complete,-0.286,-0.332,-0.24,-0.43448058026549885,"{""alpha"": 0.05, ""cp_lower95"": -0.35048535076228543, ""delta_SR"": -0.286, ""interpretation"": ""nominal CP bound only; no certified or simultaneous NI claim"", ""losses"": 178, ""mcnemar_two_sided_exact_p"": 2.949729212881538e-24, ""n"": 500, ""ni_margin"": 0.02, ""nominal_NI"": false, ""wins"": 35}"
groot_l10_50,SF1,L5,complete,-0.29,-0.336,-0.246,-0.9344805802654989,"{""alpha"": 0.05, ""cp_lower95"": -0.35386063837207654, ""delta_SR"": -0.29, ""interpretation"": ""nominal CP bound only; no certified or simultaneous NI claim"", ""losses"": 178, ""mcnemar_two_sided_exact_p"": 3.0673286489427825e-25, ""n"": 500, ""ni_margin"": 0.02, ""nominal_NI"": false, ""wins"": 33}"
groot_l10_50,SF1,UF1,complete,0.014,-0.024,0.052,0.010523461193825391,"{""alpha"": 0.05, ""cp_lower95"": -0.03944287743647708, ""delta_SR"": 0.014, ""interpretation"": ""nominal CP bound only; no certified or simultaneous NI claim"", ""losses"": 44, ""mcnemar_two_sided_exact_p"": 0.5383940262921683, ""n"": 500, ""ni_margin"": 0.02, ""nominal_NI"": false, ""wins"": 51}"
groot_l10_50,UF1,A,complete,-0.04466666666666667,-0.088,-0.0033333333333333305,-0.01927990011067183,
groot_l10_50,UF1,B,complete,-0.15866666666666662,-0.20001666666666665,-0.11733333333333332,-0.16612881637911578,
groot_l10_50,UF1,L10,complete,-0.3,-0.344,-0.258,-0.4450040414593242,"{""alpha"": 0.05, ""cp_lower95"": -0.3625802467934011, ""delta_SR"": -0.3, ""interpretation"": ""nominal CP bound only; no certified or simultaneous NI claim"", ""losses"": 179, ""mcnemar_two_sided_exact_p"": 1.4139721821183813e-27, ""n"": 500, ""ni_margin"": 0.02, ""nominal_NI"": false, ""wins"": 29}"
groot_l10_50,UF1,L5,complete,-0.304,-0.348,-0.26,-0.9450040414593243,"{""alpha"": 0.05, ""cp_lower95"": -0.3670355666005868, ""delta_SR"": -0.304, ""interpretation"": ""nominal CP bound only; no certified or simultaneous NI claim"", ""losses"": 182, ""mcnemar_two_sided_exact_p"": 9.786304925147786e-28, ""n"": 500, ""ni_margin"": 0.02, ""nominal_NI"": false, ""wins"": 30}"
groot_l10_50,CU30,A,complete,0.14533333333333334,0.10000000000000002,0.19066666666666665,0.22662194839344335,
groot_l10_50,CU30,B,complete,0.03133333333333335,-0.009999999999999986,0.07266666666666668,0.07977303212499942,
groot_l10_50,CU30,L10,complete,-0.11,-0.152,-0.068,-0.19910219295520903,"{""alpha"": 0.05, ""cp_lower95"": -0.16858740116707033, ""delta_SR"": -0.11, ""interpretation"": ""nominal CP bound only; no certified or simultaneous NI claim"", ""losses"": 93, ""mcnemar_two_sided_exact_p"": 1.7005051806680064e-06, ""n"": 500, ""ni_margin"": 0.02, ""nominal_NI"": false, ""wins"": 38}"
groot_l10_50,CU30,L5,complete,-0.114,-0.154,-0.072,-0.699102192955209,"{""alpha"": 0.05, ""cp_lower95"": -0.17242071780862317, ""delta_SR"": -0.114, ""interpretation"": ""nominal CP bound only; no certified or simultaneous NI claim"", ""losses"": 94, ""mcnemar_two_sided_exact_p"": 6.717865920862285e-07, ""n"": 500, ""ni_margin"": 0.02, ""nominal_NI"": false, ""wins"": 37}"
groot_l10_50,CU30,R6_U30,complete,-0.014,-0.056,0.028,-3.905469601650502e-05,"{""alpha"": 0.05, ""cp_lower95"": -0.072180190244517, ""delta_SR"": -0.014, ""interpretation"": ""nominal CP bound only; no certified or simultaneous NI claim"", ""losses"": 62, ""mcnemar_two_sided_exact_p"": 0.579290250187703, ""n"": 500, ""ni_margin"": 0.02, ""nominal_NI"": false, ""wins"": 55}"
groot_l10_50,CU30,R6_C30,complete,-0.05,-0.094,-0.008,-0.009084361676442387,"{""alpha"": 0.05, ""cp_lower95"": -0.1092238202250133, ""delta_SR"": -0.05, ""interpretation"": ""nominal CP bound only; no certified or simultaneous NI claim"", ""losses"": 75, ""mcnemar_two_sided_exact_p"": 0.0314093335667, ""n"": 500, ""ni_margin"": 0.02, ""nominal_NI"": false, ""wins"": 50}"
groot_l10_50,CT30,A,complete,0.22933333333333333,0.18733333333333335,0.272,0.22498586721009356,
groot_l10_50,CT30,B,complete,0.11533333333333333,0.07600000000000001,0.1546666666666667,0.07813695094164963,
groot_l10_50,CT30,L10,complete,-0.026,-0.066,0.014,-0.20073827413855883,"{""alpha"": 0.05, ""cp_lower95"": -0.08317817923258007, ""delta_SR"": -0.026, ""interpretation"": ""nominal CP bound only; no certified or simultaneous NI claim"", ""losses"": 63, ""mcnemar_two_sided_exact_p"": 0.2588620001653153, ""n"": 500, ""ni_margin"": 0.02, ""nominal_NI"": false, ""wins"": 50}"
groot_l10_50,CT30,L5,complete,-0.03,-0.07,0.01,-0.7007382741385588,"{""alpha"": 0.05, ""cp_lower95"": -0.087540666870576, ""delta_SR"": -0.03, ""interpretation"": ""nominal CP bound only; no certified or simultaneous NI claim"", ""losses"": 65, ""mcnemar_two_sided_exact_p"": 0.19149593512028196, ""n"": 500, ""ni_margin"": 0.02, ""nominal_NI"": false, ""wins"": 50}"
groot_l10_50,CT30,CU30,complete,0.084,0.042,0.126,-0.0016360811833497912,"{""alpha"": 0.05, ""cp_lower95"": 0.0240138865624777, ""delta_SR"": 0.084, ""interpretation"": ""nominal CP bound only; no certified or simultaneous NI claim"", ""losses"": 43, ""mcnemar_two_sided_exact_p"": 0.0002585265972682677, ""n"": 500, ""ni_margin"": 0.02, ""nominal_NI"": true, ""wins"": 85}"
groot_l10_50,CT30,R6_U30,complete,0.07,0.028,0.112,-0.0016751358793662963,"{""alpha"": 0.05, ""cp_lower95"": 0.010795571273116589, ""delta_SR"": 0.07, ""interpretation"": ""nominal CP bound only; no certified or simultaneous NI claim"", ""losses"": 44, ""mcnemar_two_sided_exact_p"": 0.0020450395818434725, ""n"": 500, ""ni_margin"": 0.02, ""nominal_NI"": true, ""wins"": 79}"
groot_l10_50,CT30,R6_C30,complete,0.034,-0.006,0.074,-0.010720442859792179,"{""alpha"": 0.05, ""cp_lower95"": -0.02216663852651224, ""delta_SR"": 0.034, ""interpretation"": ""nominal CP bound only; no certified or simultaneous NI claim"", ""losses"": 45, ""mcnemar_two_sided_exact_p"": 0.1215124218762441, ""n"": 500, ""ni_margin"": 0.02, ""nominal_NI"": false, ""wins"": 62}"
groot_l10_500,SF1,A,complete,0.006000000000000003,-0.01933333333333333,0.030666666666666672,-0.0060947671939919346,
groot_l10_500,SF1,B,complete,-0.03599999999999998,-0.06599999999999999,-0.004666666666666661,-0.11919984839095317,
groot_l10_500,SF1,L10,complete,-0.03,-0.07,0.01,-0.43160027173913046,"{""alpha"": 0.05, ""cp_lower95"": -0.087540666870576, ""delta_SR"": -0.03, ""interpretation"": ""nominal CP bound only; no certified or simultaneous NI claim"", ""losses"": 65, ""mcnemar_two_sided_exact_p"": 0.19149593512028196, ""n"": 500, ""ni_margin"": 0.02, ""nominal_NI"": false, ""wins"": 50}"
groot_l10_500,SF1,L5,complete,-0.034,-0.074,0.008,-0.9316002717391304,"{""alpha"": 0.05, ""cp_lower95"": -0.09189410854739595, ""delta_SR"": -0.034, ""interpretation"": ""nominal CP bound only; no certified or simultaneous NI claim"", ""losses"": 67, ""mcnemar_two_sided_exact_p"": 0.13875316894302558, ""n"": 500, ""ni_margin"": 0.02, ""nominal_NI"": false, ""wins"": 50}"
groot_l10_500,SF1,UF1,complete,0.032,-0.006,0.07,0.016250393154486578,"{""alpha"": 0.05, ""cp_lower95"": -0.02162488282866784, ""delta_SR"": 0.032, ""interpretation"": ""nominal CP bound only; no certified or simultaneous NI claim"", ""losses"": 40, ""mcnemar_two_sided_exact_p"": 0.1253456971884925, ""n"": 500, ""ni_margin"": 0.02, ""nominal_NI"": false, ""wins"": 56}"
groot_l10_500,UF1,A,complete,-0.025999999999999992,-0.06266666666666668,0.010000000000000002,-0.022345160348478513,
groot_l10_500,UF1,B,complete,-0.068,-0.10066666666666665,-0.03533333333333332,-0.13545024154543975,
groot_l10_500,UF1,L10,complete,-0.062,-0.102,-0.022,-0.447850664893617,"{""alpha"": 0.05, ""cp_lower95"": -0.1179448750374203, ""delta_SR"": -0.062, ""interpretation"": ""nominal CP bound only; no certified or simultaneous NI claim"", ""losses"": 71, ""mcnemar_two_sided_exact_p"": 0.004195534185394854, ""n"": 500, ""ni_margin"": 0.02, ""nominal_NI"": false, ""wins"": 40}"
groot_l10_500,UF1,L5,complete,-0.066,-0.106,-0.026,-0.947850664893617,"{""alpha"": 0.05, ""cp_lower95"": -0.12315057668309115, ""delta_SR"": -0.066, ""interpretation"": ""nominal CP bound only; no certified or simultaneous NI claim"", ""losses"": 75, ""mcnemar_two_sided_exact_p"": 0.00292812834069717, ""n"": 500, ""ni_margin"": 0.02, ""nominal_NI"": false, ""wins"": 42}"
groot_spatial_50,SF1,A,complete,-0.03933333333333334,-0.076,-0.0033333333333333305,-0.0119165646340951,
groot_spatial_50,SF1,B,complete,-0.047999999999999994,-0.08533333333333333,-0.011999999999999997,-0.08376314572613351,
groot_spatial_50,SF1,L10,complete,-0.11,-0.148,-0.072,-0.4366367851622875,"{""alpha"": 0.05, ""cp_lower95"": -0.16198478823791376, ""delta_SR"": -0.11, ""interpretation"": ""nominal CP bound only; no certified or simultaneous NI claim"", ""losses"": 79, ""mcnemar_two_sided_exact_p"": 4.9807629682571775e-08, ""n"": 500, ""ni_margin"": 0.02, ""nominal_NI"": false, ""wins"": 24}"
groot_spatial_50,SF1,L5,complete,-0.112,-0.148,-0.076,-0.9366367851622874,"{""alpha"": 0.05, ""cp_lower95"": -0.1630493463855841, ""delta_SR"": -0.112, ""interpretation"": ""nominal CP bound only; no certified or simultaneous NI claim"", ""losses"": 78, ""mcnemar_two_sided_exact_p"": 1.590532847378614e-08, ""n"": 500, ""ni_margin"": 0.02, ""nominal_NI"": false, ""wins"": 22}"
groot_spatial_50,SF1,UF1,complete,-0.004,-0.034,0.026,0.004924450528476211,"{""alpha"": 0.05, ""cp_lower95"": -0.0476687286819136, ""delta_SR"": -0.004, ""interpretation"": ""nominal CP bound only; no certified or simultaneous NI claim"", ""losses"": 31, ""mcnemar_two_sided_exact_p"": 0.8974218269914305, ""n"": 500, ""ni_margin"": 0.02, ""nominal_NI"": false, ""wins"": 29}"
groot_spatial_50,UF1,A,complete,-0.03533333333333333,-0.07133333333333333,3.552713678800501e-18,-0.01684101516257131,
groot_spatial_50,UF1,B,complete,-0.043999999999999984,-0.07933333333333333,-0.008666666666666663,-0.08868759625460973,
groot_spatial_50,UF1,L10,complete,-0.106,-0.142,-0.07,-0.44156123569076366,"{""alpha"": 0.05, ""cp_lower95"": -0.1576792958889138, ""delta_SR"": -0.106, ""interpretation"": ""nominal CP bound only; no certified or simultaneous NI claim"", ""losses"": 77, ""mcnemar_two_sided_exact_p"": 1.1806803494439654e-07, ""n"": 500, ""ni_margin"": 0.02, ""nominal_NI"": false, ""wins"": 24}"
groot_spatial_50,UF1,L5,complete,-0.108,-0.144,-0.074,-0.9415612356907637,"{""alpha"": 0.05, ""cp_lower95"": -0.15817605851529165, ""delta_SR"": -0.108, ""interpretation"": ""nominal CP bound only; no certified or simultaneous NI claim"", ""losses"": 75, ""mcnemar_two_sided_exact_p"": 2.7069291882474876e-08, ""n"": 500, ""ni_margin"": 0.02, ""nominal_NI"": false, ""wins"": 21}"
groot_spatial_50,CU30,A,complete,0.06466666666666668,0.03133333333333333,0.098,0.22595982379946433,
groot_spatial_50,CU30,B,complete,0.05600000000000001,0.025333333333333336,0.08666666666666667,0.15411324270742593,
groot_spatial_50,CU30,L10,complete,-0.006,-0.036,0.02204999999999927,-0.19876039672872803,"{""alpha"": 0.05, ""cp_lower95"": -0.047992522811067355, ""delta_SR"": -0.006, ""interpretation"": ""nominal CP bound only; no certified or simultaneous NI claim"", ""losses"": 29, ""mcnemar_two_sided_exact_p"": 0.7877061896700435, ""n"": 500, ""ni_margin"": 0.02, ""nominal_NI"": false, ""wins"": 26}"
groot_spatial_50,CU30,L5,complete,-0.008,-0.036,0.02,-0.698760396728728,"{""alpha"": 0.05, ""cp_lower95"": -0.049623040744505235, ""delta_SR"": -0.008, ""interpretation"": ""nominal CP bound only; no certified or simultaneous NI claim"", ""losses"": 29, ""mcnemar_two_sided_exact_p"": 0.6834892282353375, ""n"": 500, ""ni_margin"": 0.02, ""nominal_NI"": false, ""wins"": 25}"
groot_spatial_50,CU30,R6_U30,complete,0.004,-0.022,0.03,0.002966798786814717,"{""alpha"": 0.05, ""cp_lower95"": -0.034867831530089474, ""delta_SR"": 0.004, ""interpretation"": ""nominal CP bound only; no certified or simultaneous NI claim"", ""losses"": 22, ""mcnemar_two_sided_exact_p"": 0.8829959121223965, ""n"": 500, ""ni_margin"": 0.02, ""nominal_NI"": false, ""wins"": 24}"
groot_spatial_50,CU30,R6_C30,complete,-0.008,-0.034,0.018,0.0036101807151437404,"{""alpha"": 0.05, ""cp_lower95"": -0.04597948417178442, ""delta_SR"": -0.008, ""interpretation"": ""nominal CP bound only; no certified or simultaneous NI claim"", ""losses"": 24, ""mcnemar_two_sided_exact_p"": 0.651587827208914, ""n"": 500, ""ni_margin"": 0.02, ""nominal_NI"": false, ""wins"": 20}"
groot_spatial_50,CT30,A,complete,0.08266666666666667,0.04933333333333333,0.11533333333333334,0.2318588862634351,
groot_spatial_50,CT30,B,complete,0.074,0.04333333333333334,0.10466666666666667,0.1600123051713967,
groot_spatial_50,CT30,L10,complete,0.012,-0.014,0.04,-0.19286133426475727,"{""alpha"": 0.05, ""cp_lower95"": -0.028330555848572664, ""delta_SR"": 0.012, ""interpretation"": ""nominal CP bound only; no certified or simultaneous NI claim"", ""losses"": 22, ""mcnemar_two_sided_exact_p"": 0.47988766169832786, ""n"": 500, ""ni_margin"": 0.02, ""nominal_NI"": false, ""wins"": 28}"
groot_spatial_50,CT30,L5,complete,0.01,-0.016,0.036,-0.6928613342647573,"{""alpha"": 0.05, ""cp_lower95"": -0.02924124245015098, ""delta_SR"": 0.01, ""interpretation"": ""nominal CP bound only; no certified or simultaneous NI claim"", ""losses"": 21, ""mcnemar_two_sided_exact_p"": 0.5600646295802107, ""n"": 500, ""ni_margin"": 0.02, ""nominal_NI"": false, ""wins"": 26}"
groot_spatial_50,CT30,CU30,complete,0.018,-0.006,0.042,0.005899062463970761,"{""alpha"": 0.05, ""cp_lower95"": -0.018831588142315572, ""delta_SR"": 0.018, ""interpretation"": ""nominal CP bound only; no certified or simultaneous NI claim"", ""losses"": 16, ""mcnemar_two_sided_exact_p"": 0.21102359760880063, ""n"": 500, ""ni_margin"": 0.02, ""nominal_NI"": true, ""wins"": 25}"
groot_spatial_50,CT30,R6_U30,complete,0.022,-0.004,0.048,0.008865861250785478,"{""alpha"": 0.05, ""cp_lower95"": -0.017116307404603286, ""delta_SR"": 0.022, ""interpretation"": ""nominal CP bound only; no certified or simultaneous NI claim"", ""losses"": 18, ""mcnemar_two_sided_exact_p"": 0.14386508844054902, ""n"": 500, ""ni_margin"": 0.02, ""nominal_NI"": true, ""wins"": 29}"
groot_spatial_50,CT30,R6_C30,complete,0.01,-0.014,0.034049999999999275,0.009509243179114502,"{""alpha"": 0.05, ""cp_lower95"": -0.026103583450505157, ""delta_SR"": 0.01, ""interpretation"": ""nominal CP bound only; no certified or simultaneous NI claim"", ""losses"": 17, ""mcnemar_two_sided_exact_p"": 0.5223973804968409, ""n"": 500, ""ni_margin"": 0.02, ""nominal_NI"": false, ""wins"": 22}"
groot_spatial_500,SF1,A,complete,-0.01,-0.028,0.006,-0.011401711676023066,
groot_spatial_500,SF1,B,complete,-0.004666666666666662,-0.02333333333333333,0.013333333333333334,-0.06240712503098447,
groot_spatial_500,SF1,L10,complete,0.016,-0.01,0.042,-0.43587244392397084,"{""alpha"": 0.05, ""cp_lower95"": -0.023572164913222504, ""delta_SR"": 0.016, ""interpretation"": ""nominal CP bound only; no certified or simultaneous NI claim"", ""losses"": 20, ""mcnemar_two_sided_exact_p"": 0.31232680747326924, ""n"": 500, ""ni_margin"": 0.02, ""nominal_NI"": false, ""wins"": 28}"
groot_spatial_500,SF1,L5,complete,0.014,-0.012,0.040049999999999274,-0.9358724439239708,"{""alpha"": 0.05, ""cp_lower95"": -0.025218349666311035, ""delta_SR"": 0.014, ""interpretation"": ""nominal CP bound only; no certified or simultaneous NI claim"", ""losses"": 20, ""mcnemar_two_sided_exact_p"": 0.38169339766321286, ""n"": 500, ""ni_margin"": 0.02, ""nominal_NI"": false, ""wins"": 27}"
groot_spatial_500,SF1,UF1,complete,0.006,-0.014,0.026,0.009972799508289568,"{""alpha"": 0.05, ""cp_lower95"": -0.02565125153323386, ""delta_SR"": 0.006, ""interpretation"": ""nominal CP bound only; no certified or simultaneous NI claim"", ""losses"": 13, ""mcnemar_two_sided_exact_p"": 0.711071103811264, ""n"": 500, ""ni_margin"": 0.02, ""nominal_NI"": false, ""wins"": 16}"
groot_spatial_500,UF1,A,complete,-0.016,-0.036,0.004,-0.021374511184312633,
groot_spatial_500,UF1,B,complete,-0.010666666666666665,-0.031999999999999994,0.009333333333333336,-0.07237992453927404,
groot_spatial_500,UF1,L10,complete,0.01,-0.016,0.036,-0.4458452434322604,"{""alpha"": 0.05, ""cp_lower95"": -0.02924124245015098, ""delta_SR"": 0.01, ""interpretation"": ""nominal CP bound only; no certified or simultaneous NI claim"", ""losses"": 21, ""mcnemar_two_sided_exact_p"": 0.5600646295802107, ""n"": 500, ""ni_margin"": 0.02, ""nominal_NI"": false, ""wins"": 26}"
groot_spatial_500,UF1,L5,complete,0.008,-0.018,0.034,-0.9458452434322604,"{""alpha"": 0.05, ""cp_lower95"": -0.03161530224082692, ""delta_SR"": 0.008, ""interpretation"": ""nominal CP bound only; no certified or simultaneous NI claim"", ""losses"": 22, ""mcnemar_two_sided_exact_p"": 0.6654658120766186, ""n"": 500, ""ni_margin"": 0.02, ""nominal_NI"": false, ""wins"": 26}"
pi05_l10_50,B,A,complete,0.11333333333333333,0.08399999999999999,0.14266666666666666,0.10431897370801192,
pi05_l10_50,A,L10,complete,-0.19,-0.22933333333333333,-0.15133333333333332,-0.4236041689089884,
pi05_l10_50,B,L10,complete,-0.07666666666666669,-0.10866666666666669,-0.04400000000000003,-0.3192851952009764,
pi05_l10_500,B,A,complete,0.05133333333333334,0.029333333333333336,0.07399999999999998,0.08228907523190042,
pi05_l10_500,A,L10,complete,-0.07666666666666669,-0.11066666666666668,-0.044,-0.4234850462196889,
pi05_l10_500,B,L10,complete,-0.02533333333333334,-0.056000000000000015,0.005999999999999993,-0.34119597098778853,
pi05_spatial_50,B,A,complete,0.07333333333333333,0.05600000000000001,0.09133333333333331,0.06289756057045476,
pi05_spatial_50,A,L10,complete,-0.14933333333333335,-0.17800000000000002,-0.122,-0.4224750294871379,
pi05_spatial_50,B,L10,complete,-0.076,-0.09933333333333334,-0.053333333333333344,-0.3595774689166832,
pi05_spatial_500,B,A,complete,0.006,-0.002666666666666667,0.015333333333333334,0.041379548735258245,
pi05_spatial_500,A,L10,complete,-0.01,-0.02466666666666667,0.004666666666666665,-0.42188915894402507,
pi05_spatial_500,B,L10,complete,-0.004000000000000002,-0.017333333333333336,0.009999999999999998,-0.38050961020876684,
groot_l10_50,B,A,complete,0.11399999999999999,0.07933333333333331,0.14933333333333332,0.14684891626844393,
groot_l10_50,A,L10,complete,-0.25533333333333336,-0.298,-0.212,-0.4257241413486524,
groot_l10_50,B,L10,complete,-0.14133333333333337,-0.1786666666666667,-0.104,-0.27887522508020846,
groot_l10_500,B,A,complete,0.04199999999999999,0.011983333333333335,0.07266666666666666,0.11310508119696124,
groot_l10_500,A,L10,complete,-0.036000000000000004,-0.076,0.0033333333333333288,-0.4255055045451385,
groot_l10_500,B,L10,complete,0.005999999999999988,-0.02800000000000001,0.03999999999999999,-0.3124004233481773,
groot_spatial_50,B,A,complete,0.008666666666666665,-0.014000000000000004,0.03133333333333333,0.07184658109203841,
groot_spatial_50,A,L10,complete,-0.07066666666666667,-0.10533333333333333,-0.036000000000000004,-0.42472022052819236,
groot_spatial_50,B,L10,complete,-0.062000000000000006,-0.09400000000000001,-0.03000000000000001,-0.35287363943615396,
groot_spatial_500,B,A,complete,-0.005333333333333335,-0.018666666666666668,0.008666666666666666,0.05100541335496141,
groot_spatial_500,A,L10,complete,0.026,0.002,0.052,-0.42447073224794774,
groot_spatial_500,B,L10,complete,0.020666666666666667,-0.004000000000000002,0.04733333333333333,-0.37346531889298634,
